row_id,run_id,config_id,link_type,scene,scene_name,seed,frequency_band,bandwidth_mhz,throughput_original_value,throughput_original_unit,throughput_mbps,app_loss_rate,app_loss_pct,mac_loss_rate,link_outage_status,run_status,warning_status,audit_status,channel_selection_status,custom_channel_used,custom_channel_call_count,requested_link_count,actual_link_count,requested_bands,actual_bands,requested_bandwidths_mhz,actual_bandwidths_hz,actual_channels,channel_fallback_used,app_tx_packets,app_rx_packets,app_packet_loss,mac_tx_packets,mac_rx_packets,mac_packet_loss,simulation_time_s,distance_m,channel_mode,penalty_applied_flag,intermittent_probability_requested,intermittent_event_rate_actual,source_file,source_row_number,source_field,matlab_variable_location,evidence_status,final_result_note
1,SL-5-80_S1_seed1,SL-5-80,SL,S1,Short LoS,1,5G,80,27.488,Mbps,27.488,0.12968591692,12.968591692,0.0115074798619,no_full_outage,PASS,none,audited_pass_no_warning,PASS,yes,347,1,1,5G,5G,80,80000000,42,no,1974,1718,256,1738,1718,20,0.5,5,adjusted_final_selected_channel,no,0,0,results/wifi7_mlo_adjusted_final_experiment_raw.csv,2,throughput_mbps;app_packet_loss_ratio;run_status;channel_selection_status,rows(run_id=SL-5-80_S1_seed1),formal_raw_run,Formal adjusted final result; three seed runs completed successfully.
2,SL-5-80_S1_seed2,SL-5-80,SL,S1,Short LoS,2,5G,80,27.616,Mbps,27.616,0.129162462159,12.9162462159,0.0114547537228,no_full_outage,PASS,none,audited_pass_no_warning,PASS,yes,351,1,1,5G,5G,80,80000000,42,no,1982,1726,256,1746,1726,20,0.5,5,adjusted_final_selected_channel,no,0,0,results/wifi7_mlo_adjusted_final_experiment_raw.csv,3,throughput_mbps;app_packet_loss_ratio;run_status;channel_selection_status,rows(run_id=SL-5-80_S1_seed2),formal_raw_run,Formal adjusted final result; three seed runs completed successfully.
3,SL-5-80_S1_seed3,SL-5-80,SL,S1,Short LoS,3,5G,80,27.488,Mbps,27.488,0.12968591692,12.968591692,0.0115074798619,no_full_outage,PASS,none,audited_pass_no_warning,PASS,yes,347,1,1,5G,5G,80,80000000,42,no,1974,1718,256,1738,1718,20,0.5,5,adjusted_final_selected_channel,no,0,0,results/wifi7_mlo_adjusted_final_experiment_raw.csv,4,throughput_mbps;app_packet_loss_ratio;run_status;channel_selection_status,rows(run_id=SL-5-80_S1_seed3),formal_raw_run,Formal adjusted final result; three seed runs completed successfully.
4,SL-5-80_S2_seed1,SL-5-80,SL,S2,Medium LoS intermittent light obstruction,1,5G,80,15.648,Mbps,15.648,0.207455429498,20.7455429498,0.234070221066,no_full_outage,PASS,none,audited_pass_no_warning,PASS,yes,350,1,1,5G,5G,80,80000000,42,no,1234,978,256,1538,1178,360,0.5,40,adjusted_final_selected_channel,yes,0.2,0.208571428571,results/wifi7_mlo_adjusted_final_experiment_raw.csv,5,throughput_mbps;app_packet_loss_ratio;run_status;channel_selection_status,rows(run_id=SL-5-80_S2_seed1),formal_raw_run,Formal adjusted final result; three seed runs completed successfully.
5,SL-5-80_S2_seed2,SL-5-80,SL,S2,Medium LoS intermittent light obstruction,2,5G,80,18.016,Mbps,18.016,0.173274596182,17.3274596182,0.198511166253,no_full_outage,PASS,none,audited_pass_no_warning,PASS,yes,373,1,1,5G,5G,80,80000000,42,no,1362,1126,236,1612,1292,320,0.5,40,adjusted_final_selected_channel,yes,0.2,0.184986595174,results/wifi7_mlo_adjusted_final_experiment_raw.csv,6,throughput_mbps;app_packet_loss_ratio;run_status;channel_selection_status,rows(run_id=SL-5-80_S2_seed2),formal_raw_run,Formal adjusted final result; three seed runs completed successfully.
6,SL-5-80_S2_seed3,SL-5-80,SL,S2,Medium LoS intermittent light obstruction,3,5G,80,17.568,Mbps,17.568,0.189069423929,18.9069423929,0.18315018315,no_full_outage,PASS,none,audited_pass_no_warning,PASS,yes,374,1,1,5G,5G,80,80000000,42,no,1354,1098,256,1638,1338,300,0.5,40,adjusted_final_selected_channel,yes,0.2,0.18449197861,results/wifi7_mlo_adjusted_final_experiment_raw.csv,7,throughput_mbps;app_packet_loss_ratio;run_status;channel_selection_status,rows(run_id=SL-5-80_S2_seed3),formal_raw_run,Formal adjusted final result; three seed runs completed successfully.
7,SL-5-80_S3_seed1,SL-5-80,SL,S3,Long NLoS,1,5G,80,27.488,Mbps,27.488,0.12968591692,12.968591692,0.0115074798619,no_full_outage,PASS,none,audited_pass_no_warning,PASS,yes,347,1,1,5G,5G,80,80000000,42,no,1974,1718,256,1738,1718,20,0.5,50,adjusted_final_selected_channel,yes,0,0,results/wifi7_mlo_adjusted_final_experiment_raw.csv,8,throughput_mbps;app_packet_loss_ratio;run_status;channel_selection_status,rows(run_id=SL-5-80_S3_seed1),formal_raw_run,Formal adjusted final result; three seed runs completed successfully.
8,SL-5-80_S3_seed2,SL-5-80,SL,S3,Long NLoS,2,5G,80,27.616,Mbps,27.616,0.129162462159,12.9162462159,0.0114547537228,no_full_outage,PASS,none,audited_pass_no_warning,PASS,yes,351,1,1,5G,5G,80,80000000,42,no,1982,1726,256,1746,1726,20,0.5,50,adjusted_final_selected_channel,yes,0,0,results/wifi7_mlo_adjusted_final_experiment_raw.csv,9,throughput_mbps;app_packet_loss_ratio;run_status;channel_selection_status,rows(run_id=SL-5-80_S3_seed2),formal_raw_run,Formal adjusted final result; three seed runs completed successfully.
9,SL-5-80_S3_seed3,SL-5-80,SL,S3,Long NLoS,3,5G,80,27.488,Mbps,27.488,0.12968591692,12.968591692,0.0115074798619,no_full_outage,PASS,none,audited_pass_no_warning,PASS,yes,347,1,1,5G,5G,80,80000000,42,no,1974,1718,256,1738,1718,20,0.5,50,adjusted_final_selected_channel,yes,0,0,results/wifi7_mlo_adjusted_final_experiment_raw.csv,10,throughput_mbps;app_packet_loss_ratio;run_status;channel_selection_status,rows(run_id=SL-5-80_S3_seed3),formal_raw_run,Formal adjusted final result; three seed runs completed successfully.
10,SL-5-80_S4_seed1,SL-5-80,SL,S4,Long mixed,1,5G,80,27.488,Mbps,27.488,0.12968591692,12.968591692,0.0115074798619,no_full_outage,PASS,none,audited_pass_no_warning,PASS,yes,347,1,1,5G,5G,80,80000000,42,no,1974,1718,256,1738,1718,20,0.5,53.8516480713,adjusted_final_selected_channel,yes,0,0,results/wifi7_mlo_adjusted_final_experiment_raw.csv,11,throughput_mbps;app_packet_loss_ratio;run_status;channel_selection_status,rows(run_id=SL-5-80_S4_seed1),formal_raw_run,Formal adjusted final result; three seed runs completed successfully.
11,SL-5-80_S4_seed2,SL-5-80,SL,S4,Long mixed,2,5G,80,27.616,Mbps,27.616,0.129162462159,12.9162462159,0.0114547537228,no_full_outage,PASS,none,audited_pass_no_warning,PASS,yes,351,1,1,5G,5G,80,80000000,42,no,1982,1726,256,1746,1726,20,0.5,53.8516480713,adjusted_final_selected_channel,yes,0,0,results/wifi7_mlo_adjusted_final_experiment_raw.csv,12,throughput_mbps;app_packet_loss_ratio;run_status;channel_selection_status,rows(run_id=SL-5-80_S4_seed2),formal_raw_run,Formal adjusted final result; three seed runs completed successfully.
12,SL-5-80_S4_seed3,SL-5-80,SL,S4,Long mixed,3,5G,80,27.488,Mbps,27.488,0.12968591692,12.968591692,0.0115074798619,no_full_outage,PASS,none,audited_pass_no_warning,PASS,yes,347,1,1,5G,5G,80,80000000,42,no,1974,1718,256,1738,1718,20,0.5,53.8516480713,adjusted_final_selected_channel,yes,0,0,results/wifi7_mlo_adjusted_final_experiment_raw.csv,13,throughput_mbps;app_packet_loss_ratio;run_status;channel_selection_status,rows(run_id=SL-5-80_S4_seed3),formal_raw_run,Formal adjusted final result; three seed runs completed successfully.
13,SL-5-160_S1_seed1,SL-5-160,SL,S1,Short LoS,1,5G,160,55.328,Mbps,55.328,0.0689283791061,6.89283791061,0.0114351057747,no_full_outage,PASS,none,audited_pass_no_warning,PASS,yes,351,1,1,5G,5G,160,160000000,50,no,3714,3458,256,3498,3458,40,0.5,5,adjusted_final_selected_channel,no,0,0,results/wifi7_mlo_adjusted_final_experiment_raw.csv,14,throughput_mbps;app_packet_loss_ratio;run_status;channel_selection_status,rows(run_id=SL-5-160_S1_seed1),formal_raw_run,Formal adjusted final result; three seed runs completed successfully.
14,SL-5-160_S1_seed2,SL-5-160,SL,S1,Short LoS,2,5G,160,55.136,Mbps,55.136,0.0691518098325,6.91518098325,0.0114744693058,no_full_outage,PASS,none,audited_pass_no_warning,PASS,yes,351,1,1,5G,5G,160,160000000,50,no,3702,3446,256,3486,3446,40,0.5,5,adjusted_final_selected_channel,no,0,0,results/wifi7_mlo_adjusted_final_experiment_raw.csv,15,throughput_mbps;app_packet_loss_ratio;run_status;channel_selection_status,rows(run_id=SL-5-160_S1_seed2),formal_raw_run,Formal adjusted final result; three seed runs completed successfully.
15,SL-5-160_S1_seed3,SL-5-160,SL,S1,Short LoS,3,5G,160,55.328,Mbps,55.328,0.0689283791061,6.89283791061,0.0114351057747,no_full_outage,PASS,none,audited_pass_no_warning,PASS,yes,351,1,1,5G,5G,160,160000000,50,no,3714,3458,256,3498,3458,40,0.5,5,adjusted_final_selected_channel,no,0,0,results/wifi7_mlo_adjusted_final_experiment_raw.csv,16,throughput_mbps;app_packet_loss_ratio;run_status;channel_selection_status,rows(run_id=SL-5-160_S1_seed3),formal_raw_run,Formal adjusted final result; three seed runs completed successfully.
16,SL-5-160_S2_seed1,SL-5-160,SL,S2,Medium LoS intermittent light obstruction,1,5G,160,37.408,Mbps,37.408,0.0986892829607,9.86892829607,0.148331273177,no_full_outage,PASS,none,audited_pass_no_warning,PASS,yes,388,1,1,5G,5G,160,160000000,50,no,2594,2338,256,3236,2756,480,0.5,40,adjusted_final_selected_channel,yes,0.2,0.188144329897,results/wifi7_mlo_adjusted_final_experiment_raw.csv,17,throughput_mbps;app_packet_loss_ratio;run_status;channel_selection_status,rows(run_id=SL-5-160_S2_seed1),formal_raw_run,Formal adjusted final result; three seed runs completed successfully.
17,SL-5-160_S2_seed2,SL-5-160,SL,S2,Medium LoS intermittent light obstruction,2,5G,160,30.176,Mbps,30.176,0.119514472456,11.9514472456,0.239520958084,no_full_outage,PASS,none,audited_pass_no_warning,PASS,yes,346,1,1,5G,5G,160,160000000,50,no,2142,1886,256,3006,2286,720,0.5,40,adjusted_final_selected_channel,yes,0.2,0.205202312139,results/wifi7_mlo_adjusted_final_experiment_raw.csv,18,throughput_mbps;app_packet_loss_ratio;run_status;channel_selection_status,rows(run_id=SL-5-160_S2_seed2),formal_raw_run,Formal adjusted final result; three seed runs completed successfully.
18,SL-5-160_S2_seed3,SL-5-160,SL,S2,Medium LoS intermittent light obstruction,3,5G,160,29.728,Mbps,29.728,0.121097445601,12.1097445601,0.189445196211,no_full_outage,PASS,none,audited_pass_no_warning,PASS,yes,377,1,1,5G,5G,160,160000000,50,no,2114,1858,256,2956,2396,560,0.5,40,adjusted_final_selected_channel,yes,0.2,0.246684350133,results/wifi7_mlo_adjusted_final_experiment_raw.csv,19,throughput_mbps;app_packet_loss_ratio;run_status;channel_selection_status,rows(run_id=SL-5-160_S2_seed3),formal_raw_run,Formal adjusted final result; three seed runs completed successfully.
19,SL-5-160_S3_seed1,SL-5-160,SL,S3,Long NLoS,1,5G,160,55.328,Mbps,55.328,0.0689283791061,6.89283791061,0.0114351057747,no_full_outage,PASS,none,audited_pass_no_warning,PASS,yes,351,1,1,5G,5G,160,160000000,50,no,3714,3458,256,3498,3458,40,0.5,50,adjusted_final_selected_channel,yes,0,0,results/wifi7_mlo_adjusted_final_experiment_raw.csv,20,throughput_mbps;app_packet_loss_ratio;run_status;channel_selection_status,rows(run_id=SL-5-160_S3_seed1),formal_raw_run,Formal adjusted final result; three seed runs completed successfully.
20,SL-5-160_S3_seed2,SL-5-160,SL,S3,Long NLoS,2,5G,160,55.136,Mbps,55.136,0.0691518098325,6.91518098325,0.0114744693058,no_full_outage,PASS,none,audited_pass_no_warning,PASS,yes,351,1,1,5G,5G,160,160000000,50,no,3702,3446,256,3486,3446,40,0.5,50,adjusted_final_selected_channel,yes,0,0,results/wifi7_mlo_adjusted_final_experiment_raw.csv,21,throughput_mbps;app_packet_loss_ratio;run_status;channel_selection_status,rows(run_id=SL-5-160_S3_seed2),formal_raw_run,Formal adjusted final result; three seed runs completed successfully.
21,SL-5-160_S3_seed3,SL-5-160,SL,S3,Long NLoS,3,5G,160,55.328,Mbps,55.328,0.0689283791061,6.89283791061,0.0114351057747,no_full_outage,PASS,none,audited_pass_no_warning,PASS,yes,351,1,1,5G,5G,160,160000000,50,no,3714,3458,256,3498,3458,40,0.5,50,adjusted_final_selected_channel,yes,0,0,results/wifi7_mlo_adjusted_final_experiment_raw.csv,22,throughput_mbps;app_packet_loss_ratio;run_status;channel_selection_status,rows(run_id=SL-5-160_S3_seed3),formal_raw_run,Formal adjusted final result; three seed runs completed successfully.
22,SL-5-160_S4_seed1,SL-5-160,SL,S4,Long mixed,1,5G,160,55.328,Mbps,55.328,0.0689283791061,6.89283791061,0.0114351057747,no_full_outage,PASS,none,audited_pass_no_warning,PASS,yes,351,1,1,5G,5G,160,160000000,50,no,3714,3458,256,3498,3458,40,0.5,53.8516480713,adjusted_final_selected_channel,yes,0,0,results/wifi7_mlo_adjusted_final_experiment_raw.csv,23,throughput_mbps;app_packet_loss_ratio;run_status;channel_selection_status,rows(run_id=SL-5-160_S4_seed1),formal_raw_run,Formal adjusted final result; three seed runs completed successfully.
23,SL-5-160_S4_seed2,SL-5-160,SL,S4,Long mixed,2,5G,160,55.136,Mbps,55.136,0.0691518098325,6.91518098325,0.0114744693058,no_full_outage,PASS,none,audited_pass_no_warning,PASS,yes,351,1,1,5G,5G,160,160000000,50,no,3702,3446,256,3486,3446,40,0.5,53.8516480713,adjusted_final_selected_channel,yes,0,0,results/wifi7_mlo_adjusted_final_experiment_raw.csv,24,throughput_mbps;app_packet_loss_ratio;run_status;channel_selection_status,rows(run_id=SL-5-160_S4_seed2),formal_raw_run,Formal adjusted final result; three seed runs completed successfully.
24,SL-5-160_S4_seed3,SL-5-160,SL,S4,Long mixed,3,5G,160,55.328,Mbps,55.328,0.0689283791061,6.89283791061,0.0114351057747,no_full_outage,PASS,none,audited_pass_no_warning,PASS,yes,351,1,1,5G,5G,160,160000000,50,no,3714,3458,256,3498,3458,40,0.5,53.8516480713,adjusted_final_selected_channel,yes,0,0,results/wifi7_mlo_adjusted_final_experiment_raw.csv,25,throughput_mbps;app_packet_loss_ratio;run_status;channel_selection_status,rows(run_id=SL-5-160_S4_seed3),formal_raw_run,Formal adjusted final result; three seed runs completed successfully.
25,SL-6-80_S1_seed1,SL-6-80,SL,S1,Short LoS,1,6G,80,27.488,Mbps,27.488,0.12968591692,12.968591692,0.0115074798619,no_full_outage,PASS,none,audited_pass_no_warning,PASS,yes,347,1,1,6G,6G,80,80000000,7,no,1974,1718,256,1738,1718,20,0.5,5,adjusted_final_selected_channel,no,0,0,results/wifi7_mlo_adjusted_final_experiment_raw.csv,26,throughput_mbps;app_packet_loss_ratio;run_status;channel_selection_status,rows(run_id=SL-6-80_S1_seed1),formal_raw_run,Formal adjusted final result; three seed runs completed successfully.
26,SL-6-80_S1_seed2,SL-6-80,SL,S1,Short LoS,2,6G,80,27.616,Mbps,27.616,0.129162462159,12.9162462159,0.0114547537228,no_full_outage,PASS,none,audited_pass_no_warning,PASS,yes,351,1,1,6G,6G,80,80000000,7,no,1982,1726,256,1746,1726,20,0.5,5,adjusted_final_selected_channel,no,0,0,results/wifi7_mlo_adjusted_final_experiment_raw.csv,27,throughput_mbps;app_packet_loss_ratio;run_status;channel_selection_status,rows(run_id=SL-6-80_S1_seed2),formal_raw_run,Formal adjusted final result; three seed runs completed successfully.
27,SL-6-80_S1_seed3,SL-6-80,SL,S1,Short LoS,3,6G,80,27.488,Mbps,27.488,0.12968591692,12.968591692,0.0115074798619,no_full_outage,PASS,none,audited_pass_no_warning,PASS,yes,347,1,1,6G,6G,80,80000000,7,no,1974,1718,256,1738,1718,20,0.5,5,adjusted_final_selected_channel,no,0,0,results/wifi7_mlo_adjusted_final_experiment_raw.csv,28,throughput_mbps;app_packet_loss_ratio;run_status;channel_selection_status,rows(run_id=SL-6-80_S1_seed3),formal_raw_run,Formal adjusted final result; three seed runs completed successfully.
28,SL-6-80_S2_seed1,SL-6-80,SL,S2,Medium LoS intermittent light obstruction,1,6G,80,15.968,Mbps,15.968,0.204146730463,20.4146730463,0.234848484848,no_full_outage,PASS,none,audited_pass_no_warning,PASS,yes,344,1,1,6G,6G,80,80000000,7,no,1254,998,256,1584,1212,372,0.5,40,adjusted_final_selected_channel,yes,0.2,0.174418604651,results/wifi7_mlo_adjusted_final_experiment_raw.csv,29,throughput_mbps;app_packet_loss_ratio;run_status;channel_selection_status,rows(run_id=SL-6-80_S2_seed1),formal_raw_run,Formal adjusted final result; three seed runs completed successfully.
29,SL-6-80_S2_seed2,SL-6-80,SL,S2,Medium LoS intermittent light obstruction,2,6G,80,16.096,Mbps,16.096,0.202852614897,20.2852614897,0.176544766709,no_full_outage,PASS,none,audited_pass_no_warning,PASS,yes,359,1,1,6G,6G,80,80000000,7,no,1262,1006,256,1586,1306,280,0.5,40,adjusted_final_selected_channel,yes,0.2,0.194986072423,results/wifi7_mlo_adjusted_final_experiment_raw.csv,30,throughput_mbps;app_packet_loss_ratio;run_status;channel_selection_status,rows(run_id=SL-6-80_S2_seed2),formal_raw_run,Formal adjusted final result; three seed runs completed successfully.
30,SL-6-80_S2_seed3,SL-6-80,SL,S2,Medium LoS intermittent light obstruction,3,6G,80,17.248,Mbps,17.248,0.179604261796,17.9604261796,0.167095115681,no_full_outage,PASS,none,audited_pass_no_warning,PASS,yes,379,1,1,6G,6G,80,80000000,7,no,1314,1078,236,1556,1296,260,0.5,40,adjusted_final_selected_channel,yes,0.2,0.203166226913,results/wifi7_mlo_adjusted_final_experiment_raw.csv,31,throughput_mbps;app_packet_loss_ratio;run_status;channel_selection_status,rows(run_id=SL-6-80_S2_seed3),formal_raw_run,Formal adjusted final result; three seed runs completed successfully.
31,SL-6-80_S3_seed1,SL-6-80,SL,S3,Long NLoS,1,6G,80,27.488,Mbps,27.488,0.12968591692,12.968591692,0.0115074798619,no_full_outage,PASS,none,audited_pass_no_warning,PASS,yes,347,1,1,6G,6G,80,80000000,7,no,1974,1718,256,1738,1718,20,0.5,50,adjusted_final_selected_channel,yes,0,0,results/wifi7_mlo_adjusted_final_experiment_raw.csv,32,throughput_mbps;app_packet_loss_ratio;run_status;channel_selection_status,rows(run_id=SL-6-80_S3_seed1),formal_raw_run,Formal adjusted final result; three seed runs completed successfully.
32,SL-6-80_S3_seed2,SL-6-80,SL,S3,Long NLoS,2,6G,80,27.616,Mbps,27.616,0.129162462159,12.9162462159,0.0114547537228,no_full_outage,PASS,none,audited_pass_no_warning,PASS,yes,351,1,1,6G,6G,80,80000000,7,no,1982,1726,256,1746,1726,20,0.5,50,adjusted_final_selected_channel,yes,0,0,results/wifi7_mlo_adjusted_final_experiment_raw.csv,33,throughput_mbps;app_packet_loss_ratio;run_status;channel_selection_status,rows(run_id=SL-6-80_S3_seed2),formal_raw_run,Formal adjusted final result; three seed runs completed successfully.
33,SL-6-80_S3_seed3,SL-6-80,SL,S3,Long NLoS,3,6G,80,27.488,Mbps,27.488,0.12968591692,12.968591692,0.0115074798619,no_full_outage,PASS,none,audited_pass_no_warning,PASS,yes,347,1,1,6G,6G,80,80000000,7,no,1974,1718,256,1738,1718,20,0.5,50,adjusted_final_selected_channel,yes,0,0,results/wifi7_mlo_adjusted_final_experiment_raw.csv,34,throughput_mbps;app_packet_loss_ratio;run_status;channel_selection_status,rows(run_id=SL-6-80_S3_seed3),formal_raw_run,Formal adjusted final result; three seed runs completed successfully.
34,SL-6-80_S4_seed1,SL-6-80,SL,S4,Long mixed,1,6G,80,27.488,Mbps,27.488,0.12968591692,12.968591692,0.0115074798619,no_full_outage,PASS,none,audited_pass_no_warning,PASS,yes,347,1,1,6G,6G,80,80000000,7,no,1974,1718,256,1738,1718,20,0.5,53.8516480713,adjusted_final_selected_channel,yes,0,0,results/wifi7_mlo_adjusted_final_experiment_raw.csv,35,throughput_mbps;app_packet_loss_ratio;run_status;channel_selection_status,rows(run_id=SL-6-80_S4_seed1),formal_raw_run,Formal adjusted final result; three seed runs completed successfully.
35,SL-6-80_S4_seed2,SL-6-80,SL,S4,Long mixed,2,6G,80,27.616,Mbps,27.616,0.129162462159,12.9162462159,0.0114547537228,no_full_outage,PASS,none,audited_pass_no_warning,PASS,yes,351,1,1,6G,6G,80,80000000,7,no,1982,1726,256,1746,1726,20,0.5,53.8516480713,adjusted_final_selected_channel,yes,0,0,results/wifi7_mlo_adjusted_final_experiment_raw.csv,36,throughput_mbps;app_packet_loss_ratio;run_status;channel_selection_status,rows(run_id=SL-6-80_S4_seed2),formal_raw_run,Formal adjusted final result; three seed runs completed successfully.
36,SL-6-80_S4_seed3,SL-6-80,SL,S4,Long mixed,3,6G,80,27.488,Mbps,27.488,0.12968591692,12.968591692,0.0115074798619,no_full_outage,PASS,none,audited_pass_no_warning,PASS,yes,347,1,1,6G,6G,80,80000000,7,no,1974,1718,256,1738,1718,20,0.5,53.8516480713,adjusted_final_selected_channel,yes,0,0,results/wifi7_mlo_adjusted_final_experiment_raw.csv,37,throughput_mbps;app_packet_loss_ratio;run_status;channel_selection_status,rows(run_id=SL-6-80_S4_seed3),formal_raw_run,Formal adjusted final result; three seed runs completed successfully.
37,SL-6-160_S1_seed1,SL-6-160,SL,S1,Short LoS,1,6G,160,55.328,Mbps,55.328,0.0689283791061,6.89283791061,0.0114351057747,no_full_outage,PASS,none,audited_pass_no_warning,PASS,yes,351,1,1,6G,6G,160,160000000,15,no,3714,3458,256,3498,3458,40,0.5,5,adjusted_final_selected_channel,no,0,0,results/wifi7_mlo_adjusted_final_experiment_raw.csv,38,throughput_mbps;app_packet_loss_ratio;run_status;channel_selection_status,rows(run_id=SL-6-160_S1_seed1),formal_raw_run,Formal adjusted final result; three seed runs completed successfully.
38,SL-6-160_S1_seed2,SL-6-160,SL,S1,Short LoS,2,6G,160,55.136,Mbps,55.136,0.0691518098325,6.91518098325,0.0114744693058,no_full_outage,PASS,none,audited_pass_no_warning,PASS,yes,351,1,1,6G,6G,160,160000000,15,no,3702,3446,256,3486,3446,40,0.5,5,adjusted_final_selected_channel,no,0,0,results/wifi7_mlo_adjusted_final_experiment_raw.csv,39,throughput_mbps;app_packet_loss_ratio;run_status;channel_selection_status,rows(run_id=SL-6-160_S1_seed2),formal_raw_run,Formal adjusted final result; three seed runs completed successfully.
39,SL-6-160_S1_seed3,SL-6-160,SL,S1,Short LoS,3,6G,160,55.328,Mbps,55.328,0.0689283791061,6.89283791061,0.0114351057747,no_full_outage,PASS,none,audited_pass_no_warning,PASS,yes,351,1,1,6G,6G,160,160000000,15,no,3714,3458,256,3498,3458,40,0.5,5,adjusted_final_selected_channel,no,0,0,results/wifi7_mlo_adjusted_final_experiment_raw.csv,40,throughput_mbps;app_packet_loss_ratio;run_status;channel_selection_status,rows(run_id=SL-6-160_S1_seed3),formal_raw_run,Formal adjusted final result; three seed runs completed successfully.
40,SL-6-160_S2_seed1,SL-6-160,SL,S2,Medium LoS intermittent light obstruction,1,6G,160,32.288,Mbps,32.288,0.112576956904,11.2576956904,0.251730648206,no_full_outage,PASS,none,audited_pass_no_warning,PASS,yes,378,1,1,6G,6G,160,160000000,15,no,2274,2018,256,3178,2378,800,0.5,40,adjusted_final_selected_channel,yes,0.2,0.21164021164,results/wifi7_mlo_adjusted_final_experiment_raw.csv,41,throughput_mbps;app_packet_loss_ratio;run_status;channel_selection_status,rows(run_id=SL-6-160_S2_seed1),formal_raw_run,Formal adjusted final result; three seed runs completed successfully.
41,SL-6-160_S2_seed2,SL-6-160,SL,S2,Medium LoS intermittent light obstruction,2,6G,160,28.896,Mbps,28.896,0.124151309408,12.4151309408,0.172987358616,no_full_outage,PASS,none,audited_pass_no_warning,PASS,yes,364,1,1,6G,6G,160,160000000,15,no,2062,1806,256,3006,2486,520,0.5,40,adjusted_final_selected_channel,yes,0.2,0.214285714286,results/wifi7_mlo_adjusted_final_experiment_raw.csv,42,throughput_mbps;app_packet_loss_ratio;run_status;channel_selection_status,rows(run_id=SL-6-160_S2_seed2),formal_raw_run,Formal adjusted final result; three seed runs completed successfully.
42,SL-6-160_S2_seed3,SL-6-160,SL,S2,Medium LoS intermittent light obstruction,3,6G,160,31.648,Mbps,31.648,0.114592658908,11.4592658908,0.201384518565,no_full_outage,PASS,none,audited_pass_no_warning,PASS,yes,388,1,1,6G,6G,160,160000000,15,no,2234,1978,256,3178,2538,640,0.5,40,adjusted_final_selected_channel,yes,0.2,0.229381443299,results/wifi7_mlo_adjusted_final_experiment_raw.csv,43,throughput_mbps;app_packet_loss_ratio;run_status;channel_selection_status,rows(run_id=SL-6-160_S2_seed3),formal_raw_run,Formal adjusted final result; three seed runs completed successfully.
43,SL-6-160_S3_seed1,SL-6-160,SL,S3,Long NLoS,1,6G,160,0,Mbps,0,1,100,NaN,full_outage,PASS,WARNING_WEAK_LINK_DEGRADATION,valid_weak_link_degradation,PASS,yes,335,1,1,6G,6G,160,160000000,15,no,256,0,256,0,0,0,0.5,50,adjusted_final_selected_channel,yes,0,0,results/wifi7_mlo_adjusted_final_experiment_raw.csv,44,throughput_mbps;app_packet_loss_ratio;run_status;channel_selection_status,rows(run_id=SL-6-160_S3_seed1),formal_raw_run,"Run/channel/custom-channel status passed, while communication metrics show zero throughput and full application-layer loss; audit treats this as valid weak-link degradation."
44,SL-6-160_S3_seed2,SL-6-160,SL,S3,Long NLoS,2,6G,160,0,Mbps,0,1,100,NaN,full_outage,PASS,WARNING_WEAK_LINK_DEGRADATION,valid_weak_link_degradation,PASS,yes,340,1,1,6G,6G,160,160000000,15,no,256,0,256,0,0,0,0.5,50,adjusted_final_selected_channel,yes,0,0,results/wifi7_mlo_adjusted_final_experiment_raw.csv,45,throughput_mbps;app_packet_loss_ratio;run_status;channel_selection_status,rows(run_id=SL-6-160_S3_seed2),formal_raw_run,"Run/channel/custom-channel status passed, while communication metrics show zero throughput and full application-layer loss; audit treats this as valid weak-link degradation."
45,SL-6-160_S3_seed3,SL-6-160,SL,S3,Long NLoS,3,6G,160,0,Mbps,0,1,100,NaN,full_outage,PASS,WARNING_WEAK_LINK_DEGRADATION,valid_weak_link_degradation,PASS,yes,340,1,1,6G,6G,160,160000000,15,no,256,0,256,0,0,0,0.5,50,adjusted_final_selected_channel,yes,0,0,results/wifi7_mlo_adjusted_final_experiment_raw.csv,46,throughput_mbps;app_packet_loss_ratio;run_status;channel_selection_status,rows(run_id=SL-6-160_S3_seed3),formal_raw_run,"Run/channel/custom-channel status passed, while communication metrics show zero throughput and full application-layer loss; audit treats this as valid weak-link degradation."
46,SL-6-160_S4_seed1,SL-6-160,SL,S4,Long mixed,1,6G,160,0,Mbps,0,1,100,NaN,full_outage,PASS,WARNING_WEAK_LINK_DEGRADATION,valid_weak_link_degradation,PASS,yes,335,1,1,6G,6G,160,160000000,15,no,256,0,256,0,0,0,0.5,53.8516480713,adjusted_final_selected_channel,yes,0,0,results/wifi7_mlo_adjusted_final_experiment_raw.csv,47,throughput_mbps;app_packet_loss_ratio;run_status;channel_selection_status,rows(run_id=SL-6-160_S4_seed1),formal_raw_run,"Run/channel/custom-channel status passed, while communication metrics show zero throughput and full application-layer loss; audit treats this as valid weak-link degradation."
47,SL-6-160_S4_seed2,SL-6-160,SL,S4,Long mixed,2,6G,160,0,Mbps,0,1,100,NaN,full_outage,PASS,WARNING_WEAK_LINK_DEGRADATION,valid_weak_link_degradation,PASS,yes,340,1,1,6G,6G,160,160000000,15,no,256,0,256,0,0,0,0.5,53.8516480713,adjusted_final_selected_channel,yes,0,0,results/wifi7_mlo_adjusted_final_experiment_raw.csv,48,throughput_mbps;app_packet_loss_ratio;run_status;channel_selection_status,rows(run_id=SL-6-160_S4_seed2),formal_raw_run,"Run/channel/custom-channel status passed, while communication metrics show zero throughput and full application-layer loss; audit treats this as valid weak-link degradation."
48,SL-6-160_S4_seed3,SL-6-160,SL,S4,Long mixed,3,6G,160,0,Mbps,0,1,100,NaN,full_outage,PASS,WARNING_WEAK_LINK_DEGRADATION,valid_weak_link_degradation,PASS,yes,340,1,1,6G,6G,160,160000000,15,no,256,0,256,0,0,0,0.5,53.8516480713,adjusted_final_selected_channel,yes,0,0,results/wifi7_mlo_adjusted_final_experiment_raw.csv,49,throughput_mbps;app_packet_loss_ratio;run_status;channel_selection_status,rows(run_id=SL-6-160_S4_seed3),formal_raw_run,"Run/channel/custom-channel status passed, while communication metrics show zero throughput and full application-layer loss; audit treats this as valid weak-link degradation."
49,MLO-5+6-80+80_S1_seed1,MLO-5+6-80+80,MLO,S1,Short LoS,1,5G+6G,80+80,55.008,Mbps,55.008,0.229493500672,22.9493500672,0.0115008625647,no_full_outage,PASS,none,audited_pass_no_warning,PASS,yes,698,2,2,5G+6G,5G+6G,80+80,80000000+80000000,42+7,no,4462,3438,1024,3478,3438,40,0.5,5,adjusted_final_selected_channel,no,0,0,results/wifi7_mlo_adjusted_final_experiment_raw.csv,50,throughput_mbps;app_packet_loss_ratio;run_status;channel_selection_status,rows(run_id=MLO-5+6-80+80_S1_seed1),formal_raw_run,Formal adjusted final result; three seed runs completed successfully.
50,MLO-5+6-80+80_S1_seed2,MLO-5+6-80+80,MLO,S1,Short LoS,2,5G+6G,80+80,55.28,Mbps,55.28,0.228622460371,22.8622460371,0.0114449213162,no_full_outage,PASS,none,audited_pass_no_warning,PASS,yes,702,2,2,5G+6G,5G+6G,80+80,80000000+80000000,42+7,no,4479,3455,1024,3495,3455,40,0.5,5,adjusted_final_selected_channel,no,0,0,results/wifi7_mlo_adjusted_final_experiment_raw.csv,51,throughput_mbps;app_packet_loss_ratio;run_status;channel_selection_status,rows(run_id=MLO-5+6-80+80_S1_seed2),formal_raw_run,Formal adjusted final result; three seed runs completed successfully.
51,MLO-5+6-80+80_S1_seed3,MLO-5+6-80+80,MLO,S1,Short LoS,3,5G+6G,80+80,55.328,Mbps,55.328,0.226917057903,22.6917057903,0.00575043128235,no_full_outage,PASS,none,audited_pass_no_warning,PASS,yes,699,2,2,5G+6G,5G+6G,80+80,80000000+80000000,42+7,no,4473,3458,1015,3478,3458,20,0.5,5,adjusted_final_selected_channel,no,0,0,results/wifi7_mlo_adjusted_final_experiment_raw.csv,52,throughput_mbps;app_packet_loss_ratio;run_status;channel_selection_status,rows(run_id=MLO-5+6-80+80_S1_seed3),formal_raw_run,Formal adjusted final result; three seed runs completed successfully.
52,MLO-5+6-80+80_S2_seed1,MLO-5+6-80+80,MLO,S2,Medium LoS intermittent light obstruction,1,5G+6G,80+80,39.328,Mbps,39.328,0.197256694971,19.7256694971,0.203829524398,no_full_outage,PASS,none,audited_pass_no_warning,PASS,yes,730,2,2,5G+6G,5G+6G,80+80,80000000+80000000,42+7,no,3062,2458,604,3238,2578,660,0.5,40,adjusted_final_selected_channel,yes,0.2,0.178082191781,results/wifi7_mlo_adjusted_final_experiment_raw.csv,53,throughput_mbps;app_packet_loss_ratio;run_status;channel_selection_status,rows(run_id=MLO-5+6-80+80_S2_seed1),formal_raw_run,Formal adjusted final result; three seed runs completed successfully.
53,MLO-5+6-80+80_S2_seed2,MLO-5+6-80+80,MLO,S2,Medium LoS intermittent light obstruction,2,5G+6G,80+80,35.76,Mbps,35.76,0.189923885466,18.9923885466,0.227642276423,no_full_outage,PASS,none,audited_pass_no_warning,PASS,yes,743,2,2,5G+6G,5G+6G,80+80,80000000+80000000,42+7,no,2759,2235,524,3075,2375,700,0.5,40,adjusted_final_selected_channel,yes,0.2,0.232839838493,results/wifi7_mlo_adjusted_final_experiment_raw.csv,54,throughput_mbps;app_packet_loss_ratio;run_status;channel_selection_status,rows(run_id=MLO-5+6-80+80_S2_seed2),formal_raw_run,Formal adjusted final result; three seed runs completed successfully.
54,MLO-5+6-80+80_S2_seed3,MLO-5+6-80+80,MLO,S2,Medium LoS intermittent light obstruction,3,5G+6G,80+80,34.848,Mbps,34.848,0.238993710692,23.8993710692,0.295060936498,no_full_outage,PASS,none,audited_pass_no_warning,PASS,yes,696,2,2,5G+6G,5G+6G,80+80,80000000+80000000,42+7,no,2862,2178,684,3118,2198,920,0.5,40,adjusted_final_selected_channel,yes,0.2,0.206896551724,results/wifi7_mlo_adjusted_final_experiment_raw.csv,55,throughput_mbps;app_packet_loss_ratio;run_status;channel_selection_status,rows(run_id=MLO-5+6-80+80_S2_seed3),formal_raw_run,Formal adjusted final result; three seed runs completed successfully.
55,MLO-5+6-80+80_S3_seed1,MLO-5+6-80+80,MLO,S3,Long NLoS,1,5G+6G,80+80,55.008,Mbps,55.008,0.229493500672,22.9493500672,0.0115008625647,no_full_outage,PASS,none,audited_pass_no_warning,PASS,yes,698,2,2,5G+6G,5G+6G,80+80,80000000+80000000,42+7,no,4462,3438,1024,3478,3438,40,0.5,50,adjusted_final_selected_channel,yes,0,0,results/wifi7_mlo_adjusted_final_experiment_raw.csv,56,throughput_mbps;app_packet_loss_ratio;run_status;channel_selection_status,rows(run_id=MLO-5+6-80+80_S3_seed1),formal_raw_run,Formal adjusted final result; three seed runs completed successfully.
56,MLO-5+6-80+80_S3_seed2,MLO-5+6-80+80,MLO,S3,Long NLoS,2,5G+6G,80+80,55.28,Mbps,55.28,0.228622460371,22.8622460371,0.0114449213162,no_full_outage,PASS,none,audited_pass_no_warning,PASS,yes,702,2,2,5G+6G,5G+6G,80+80,80000000+80000000,42+7,no,4479,3455,1024,3495,3455,40,0.5,50,adjusted_final_selected_channel,yes,0,0,results/wifi7_mlo_adjusted_final_experiment_raw.csv,57,throughput_mbps;app_packet_loss_ratio;run_status;channel_selection_status,rows(run_id=MLO-5+6-80+80_S3_seed2),formal_raw_run,Formal adjusted final result; three seed runs completed successfully.
57,MLO-5+6-80+80_S3_seed3,MLO-5+6-80+80,MLO,S3,Long NLoS,3,5G+6G,80+80,55.328,Mbps,55.328,0.226917057903,22.6917057903,0.00575043128235,no_full_outage,PASS,none,audited_pass_no_warning,PASS,yes,699,2,2,5G+6G,5G+6G,80+80,80000000+80000000,42+7,no,4473,3458,1015,3478,3458,20,0.5,50,adjusted_final_selected_channel,yes,0,0,results/wifi7_mlo_adjusted_final_experiment_raw.csv,58,throughput_mbps;app_packet_loss_ratio;run_status;channel_selection_status,rows(run_id=MLO-5+6-80+80_S3_seed3),formal_raw_run,Formal adjusted final result; three seed runs completed successfully.
58,MLO-5+6-80+80_S4_seed1,MLO-5+6-80+80,MLO,S4,Long mixed,1,5G+6G,80+80,55.008,Mbps,55.008,0.229493500672,22.9493500672,0.0115008625647,no_full_outage,PASS,none,audited_pass_no_warning,PASS,yes,698,2,2,5G+6G,5G+6G,80+80,80000000+80000000,42+7,no,4462,3438,1024,3478,3438,40,0.5,53.8516480713,adjusted_final_selected_channel,yes,0,0,results/wifi7_mlo_adjusted_final_experiment_raw.csv,59,throughput_mbps;app_packet_loss_ratio;run_status;channel_selection_status,rows(run_id=MLO-5+6-80+80_S4_seed1),formal_raw_run,Formal adjusted final result; three seed runs completed successfully.
59,MLO-5+6-80+80_S4_seed2,MLO-5+6-80+80,MLO,S4,Long mixed,2,5G+6G,80+80,55.28,Mbps,55.28,0.228622460371,22.8622460371,0.0114449213162,no_full_outage,PASS,none,audited_pass_no_warning,PASS,yes,702,2,2,5G+6G,5G+6G,80+80,80000000+80000000,42+7,no,4479,3455,1024,3495,3455,40,0.5,53.8516480713,adjusted_final_selected_channel,yes,0,0,results/wifi7_mlo_adjusted_final_experiment_raw.csv,60,throughput_mbps;app_packet_loss_ratio;run_status;channel_selection_status,rows(run_id=MLO-5+6-80+80_S4_seed2),formal_raw_run,Formal adjusted final result; three seed runs completed successfully.
60,MLO-5+6-80+80_S4_seed3,MLO-5+6-80+80,MLO,S4,Long mixed,3,5G+6G,80+80,55.328,Mbps,55.328,0.226917057903,22.6917057903,0.00575043128235,no_full_outage,PASS,none,audited_pass_no_warning,PASS,yes,699,2,2,5G+6G,5G+6G,80+80,80000000+80000000,42+7,no,4473,3458,1015,3478,3458,20,0.5,53.8516480713,adjusted_final_selected_channel,yes,0,0,results/wifi7_mlo_adjusted_final_experiment_raw.csv,61,throughput_mbps;app_packet_loss_ratio;run_status;channel_selection_status,rows(run_id=MLO-5+6-80+80_S4_seed3),formal_raw_run,Formal adjusted final result; three seed runs completed successfully.
61,MLO-5+6-80+160_S1_seed1,MLO-5+6-80+160,MLO,S1,Short LoS,1,5G+6G,80+160,82.848,Mbps,82.848,0.165108029668,16.5108029668,0.0114547537228,no_full_outage,PASS,none,audited_pass_no_warning,PASS,yes,702,2,2,5G+6G,5G+6G,80+160,80000000+160000000,42+15,no,6202,5178,1024,5238,5178,60,0.5,5,adjusted_final_selected_channel,no,0,0,results/wifi7_mlo_adjusted_final_experiment_raw.csv,62,throughput_mbps;app_packet_loss_ratio;run_status;channel_selection_status,rows(run_id=MLO-5+6-80+160_S1_seed1),formal_raw_run,Formal adjusted final result; three seed runs completed successfully.
62,MLO-5+6-80+160_S1_seed2,MLO-5+6-80+160,MLO,S1,Short LoS,2,5G+6G,80+160,82.8,Mbps,82.8,0.165187933538,16.5187933538,0.0114613180516,no_full_outage,PASS,none,audited_pass_no_warning,PASS,yes,702,2,2,5G+6G,5G+6G,80+160,80000000+160000000,42+15,no,6199,5175,1024,5235,5175,60,0.5,5,adjusted_final_selected_channel,no,0,0,results/wifi7_mlo_adjusted_final_experiment_raw.csv,63,throughput_mbps;app_packet_loss_ratio;run_status;channel_selection_status,rows(run_id=MLO-5+6-80+160_S1_seed2),formal_raw_run,Formal adjusted final result; three seed runs completed successfully.
63,MLO-5+6-80+160_S1_seed3,MLO-5+6-80+160,MLO,S1,Short LoS,3,5G+6G,80+160,82.848,Mbps,82.848,0.165108029668,16.5108029668,0.0114547537228,no_full_outage,PASS,none,audited_pass_no_warning,PASS,yes,702,2,2,5G+6G,5G+6G,80+160,80000000+160000000,42+15,no,6202,5178,1024,5238,5178,60,0.5,5,adjusted_final_selected_channel,no,0,0,results/wifi7_mlo_adjusted_final_experiment_raw.csv,64,throughput_mbps;app_packet_loss_ratio;run_status;channel_selection_status,rows(run_id=MLO-5+6-80+160_S1_seed3),formal_raw_run,Formal adjusted final result; three seed runs completed successfully.
64,MLO-5+6-80+160_S2_seed1,MLO-5+6-80+160,MLO,S2,Medium LoS intermittent light obstruction,1,5G+6G,80+160,55.408,Mbps,55.408,0.103314344899,10.3314344899,0.222365869425,no_full_outage,PASS,none,audited_pass_no_warning,PASS,yes,750,2,2,5G+6G,5G+6G,80+160,80000000+160000000,42+15,no,3862,3463,399,4641,3609,1032,0.5,40,adjusted_final_selected_channel,yes,0.2,0.209333333333,results/wifi7_mlo_adjusted_final_experiment_raw.csv,65,throughput_mbps;app_packet_loss_ratio;run_status;channel_selection_status,rows(run_id=MLO-5+6-80+160_S2_seed1),formal_raw_run,Formal adjusted final result; three seed runs completed successfully.
65,MLO-5+6-80+160_S2_seed2,MLO-5+6-80+160,MLO,S2,Medium LoS intermittent light obstruction,2,5G+6G,80+160,54,Mbps,54,0.056999161777,5.6999161777,0.225941422594,no_full_outage,PASS,none,audited_pass_no_warning,PASS,yes,716,2,2,5G+6G,5G+6G,80+160,80000000+160000000,42+15,no,3579,3375,204,4541,3515,1026,0.5,40,adjusted_final_selected_channel,yes,0.2,0.203910614525,results/wifi7_mlo_adjusted_final_experiment_raw.csv,66,throughput_mbps;app_packet_loss_ratio;run_status;channel_selection_status,rows(run_id=MLO-5+6-80+160_S2_seed2),formal_raw_run,Formal adjusted final result; three seed runs completed successfully.
66,MLO-5+6-80+160_S2_seed3,MLO-5+6-80+160,MLO,S2,Medium LoS intermittent light obstruction,3,5G+6G,80+160,59.008,Mbps,59.008,0.100487804878,10.0487804878,0.195507487521,no_full_outage,PASS,none,audited_pass_no_warning,PASS,yes,774,2,2,5G+6G,5G+6G,80+160,80000000+160000000,42+15,no,4100,3688,412,4808,3868,940,0.5,40,adjusted_final_selected_channel,yes,0.2,0.195090439276,results/wifi7_mlo_adjusted_final_experiment_raw.csv,67,throughput_mbps;app_packet_loss_ratio;run_status;channel_selection_status,rows(run_id=MLO-5+6-80+160_S2_seed3),formal_raw_run,Formal adjusted final result; three seed runs completed successfully.
67,MLO-5+6-80+160_S3_seed1,MLO-5+6-80+160,MLO,S3,Long NLoS,1,5G+6G,80+160,27.664,Mbps,27.664,0.371957864148,37.1957864148,0.0114351057747,no_full_outage,PASS,none,audited_pass_no_warning,PASS,yes,697,2,2,5G+6G,5G+6G,80+160,80000000+160000000,42+15,no,2753,1729,1024,1749,1729,20,0.5,50,adjusted_final_selected_channel,yes,0,0,results/wifi7_mlo_adjusted_final_experiment_raw.csv,68,throughput_mbps;app_packet_loss_ratio;run_status;channel_selection_status,rows(run_id=MLO-5+6-80+160_S3_seed1),formal_raw_run,Formal adjusted final result; three seed runs completed successfully.
68,MLO-5+6-80+160_S3_seed2,MLO-5+6-80+160,MLO,S3,Long NLoS,2,5G+6G,80+160,27.44,Mbps,27.44,0.373859072654,37.3859072654,0.0115273775216,no_full_outage,PASS,none,audited_pass_no_warning,PASS,yes,693,2,2,5G+6G,5G+6G,80+160,80000000+160000000,42+15,no,2739,1715,1024,1735,1715,20,0.5,50,adjusted_final_selected_channel,yes,0,0,results/wifi7_mlo_adjusted_final_experiment_raw.csv,69,throughput_mbps;app_packet_loss_ratio;run_status;channel_selection_status,rows(run_id=MLO-5+6-80+160_S3_seed2),formal_raw_run,Formal adjusted final result; three seed runs completed successfully.
69,MLO-5+6-80+160_S3_seed3,MLO-5+6-80+160,MLO,S3,Long NLoS,3,5G+6G,80+160,27.488,Mbps,27.488,0.37345003647,37.345003647,0.0115074798619,no_full_outage,PASS,none,audited_pass_no_warning,PASS,yes,728,2,2,5G+6G,5G+6G,80+160,80000000+160000000,42+15,no,2742,1718,1024,1738,1718,20,0.5,50,adjusted_final_selected_channel,yes,0,0,results/wifi7_mlo_adjusted_final_experiment_raw.csv,70,throughput_mbps;app_packet_loss_ratio;run_status;channel_selection_status,rows(run_id=MLO-5+6-80+160_S3_seed3),formal_raw_run,Formal adjusted final result; three seed runs completed successfully.
70,MLO-5+6-80+160_S4_seed1,MLO-5+6-80+160,MLO,S4,Long mixed,1,5G+6G,80+160,27.664,Mbps,27.664,0.371957864148,37.1957864148,0.0114351057747,no_full_outage,PASS,none,audited_pass_no_warning,PASS,yes,697,2,2,5G+6G,5G+6G,80+160,80000000+160000000,42+15,no,2753,1729,1024,1749,1729,20,0.5,53.8516480713,adjusted_final_selected_channel,yes,0,0,results/wifi7_mlo_adjusted_final_experiment_raw.csv,71,throughput_mbps;app_packet_loss_ratio;run_status;channel_selection_status,rows(run_id=MLO-5+6-80+160_S4_seed1),formal_raw_run,Formal adjusted final result; three seed runs completed successfully.
71,MLO-5+6-80+160_S4_seed2,MLO-5+6-80+160,MLO,S4,Long mixed,2,5G+6G,80+160,27.44,Mbps,27.44,0.373859072654,37.3859072654,0.0115273775216,no_full_outage,PASS,none,audited_pass_no_warning,PASS,yes,693,2,2,5G+6G,5G+6G,80+160,80000000+160000000,42+15,no,2739,1715,1024,1735,1715,20,0.5,53.8516480713,adjusted_final_selected_channel,yes,0,0,results/wifi7_mlo_adjusted_final_experiment_raw.csv,72,throughput_mbps;app_packet_loss_ratio;run_status;channel_selection_status,rows(run_id=MLO-5+6-80+160_S4_seed2),formal_raw_run,Formal adjusted final result; three seed runs completed successfully.
72,MLO-5+6-80+160_S4_seed3,MLO-5+6-80+160,MLO,S4,Long mixed,3,5G+6G,80+160,27.488,Mbps,27.488,0.37345003647,37.345003647,0.0115074798619,no_full_outage,PASS,none,audited_pass_no_warning,PASS,yes,728,2,2,5G+6G,5G+6G,80+160,80000000+160000000,42+15,no,2742,1718,1024,1738,1718,20,0.5,53.8516480713,adjusted_final_selected_channel,yes,0,0,results/wifi7_mlo_adjusted_final_experiment_raw.csv,73,throughput_mbps;app_packet_loss_ratio;run_status;channel_selection_status,rows(run_id=MLO-5+6-80+160_S4_seed3),formal_raw_run,Formal adjusted final result; three seed runs completed successfully.
73,MLO-5+6-160+160_S1_seed1,MLO-5+6-160+160,MLO,S1,Short LoS,1,5G+6G,160+160,110.368,Mbps,110.368,0.129260287806,12.9260287806,0.0114646030381,no_full_outage,PASS,none,audited_pass_no_warning,PASS,yes,702,2,2,5G+6G,5G+6G,160+160,160000000+160000000,50+15,no,7922,6898,1024,6978,6898,80,0.5,5,adjusted_final_selected_channel,no,0,0,results/wifi7_mlo_adjusted_final_experiment_raw.csv,74,throughput_mbps;app_packet_loss_ratio;run_status;channel_selection_status,rows(run_id=MLO-5+6-160+160_S1_seed1),formal_raw_run,Formal adjusted final result; three seed runs completed successfully.
74,MLO-5+6-160+160_S1_seed2,MLO-5+6-160+160,MLO,S1,Short LoS,2,5G+6G,160+160,110.32,Mbps,110.32,0.129309256219,12.9309256219,0.0114695340502,no_full_outage,PASS,none,audited_pass_no_warning,PASS,yes,702,2,2,5G+6G,5G+6G,160+160,160000000+160000000,50+15,no,7919,6895,1024,6975,6895,80,0.5,5,adjusted_final_selected_channel,no,0,0,results/wifi7_mlo_adjusted_final_experiment_raw.csv,75,throughput_mbps;app_packet_loss_ratio;run_status;channel_selection_status,rows(run_id=MLO-5+6-160+160_S1_seed2),formal_raw_run,Formal adjusted final result; three seed runs completed successfully.
75,MLO-5+6-160+160_S1_seed3,MLO-5+6-160+160,MLO,S1,Short LoS,3,5G+6G,160+160,110.368,Mbps,110.368,0.129260287806,12.9260287806,0.0114646030381,no_full_outage,PASS,none,audited_pass_no_warning,PASS,yes,702,2,2,5G+6G,5G+6G,160+160,160000000+160000000,50+15,no,7922,6898,1024,6978,6898,80,0.5,5,adjusted_final_selected_channel,no,0,0,results/wifi7_mlo_adjusted_final_experiment_raw.csv,76,throughput_mbps;app_packet_loss_ratio;run_status;channel_selection_status,rows(run_id=MLO-5+6-160+160_S1_seed3),formal_raw_run,Formal adjusted final result; three seed runs completed successfully.
76,MLO-5+6-160+160_S2_seed1,MLO-5+6-160+160,MLO,S2,Medium LoS intermittent light obstruction,1,5G+6G,160+160,84.128,Mbps,84.128,0.0546565983459,5.46565983459,0.183171324423,no_full_outage,PASS,none,audited_pass_no_warning,PASS,yes,732,2,2,5G+6G,5G+6G,160+160,160000000+160000000,50+15,no,5562,5258,304,6584,5378,1206,0.5,40,adjusted_final_selected_channel,yes,0.2,0.159836065574,results/wifi7_mlo_adjusted_final_experiment_raw.csv,77,throughput_mbps;app_packet_loss_ratio;run_status;channel_selection_status,rows(run_id=MLO-5+6-160+160_S2_seed1),formal_raw_run,Formal adjusted final result; three seed runs completed successfully.
77,MLO-5+6-160+160_S2_seed2,MLO-5+6-160+160,MLO,S2,Medium LoS intermittent light obstruction,2,5G+6G,160+160,70.64,Mbps,70.64,0.0644204280568,6.44204280568,0.259109311741,no_full_outage,PASS,none,audited_pass_no_warning,PASS,yes,733,2,2,5G+6G,5G+6G,160+160,160000000+160000000,50+15,no,4719,4415,304,6175,4575,1600,0.5,40,adjusted_final_selected_channel,yes,0.2,0.219645293315,results/wifi7_mlo_adjusted_final_experiment_raw.csv,78,throughput_mbps;app_packet_loss_ratio;run_status;channel_selection_status,rows(run_id=MLO-5+6-160+160_S2_seed2),formal_raw_run,Formal adjusted final result; three seed runs completed successfully.
78,MLO-5+6-160+160_S2_seed3,MLO-5+6-160+160,MLO,S2,Medium LoS intermittent light obstruction,3,5G+6G,160+160,71.968,Mbps,71.968,0.063696919234,6.3696919234,0.227765014769,no_full_outage,PASS,none,audited_pass_no_warning,PASS,yes,743,2,2,5G+6G,5G+6G,160+160,160000000+160000000,50+15,no,4804,4498,306,6094,4706,1388,0.5,40,adjusted_final_selected_channel,yes,0.2,0.21534320323,results/wifi7_mlo_adjusted_final_experiment_raw.csv,79,throughput_mbps;app_packet_loss_ratio;run_status;channel_selection_status,rows(run_id=MLO-5+6-160+160_S2_seed3),formal_raw_run,Formal adjusted final result; three seed runs completed successfully.
79,MLO-5+6-160+160_S3_seed1,MLO-5+6-160+160,MLO,S3,Long NLoS,1,5G+6G,160+160,54.864,Mbps,54.864,0.229957332136,22.9957332136,0.0115307004901,no_full_outage,PASS,none,audited_pass_no_warning,PASS,yes,707,2,2,5G+6G,5G+6G,160+160,160000000+160000000,50+15,no,4453,3429,1024,3469,3429,40,0.5,50,adjusted_final_selected_channel,yes,0,0,results/wifi7_mlo_adjusted_final_experiment_raw.csv,80,throughput_mbps;app_packet_loss_ratio;run_status;channel_selection_status,rows(run_id=MLO-5+6-160+160_S3_seed1),formal_raw_run,Formal adjusted final result; three seed runs completed successfully.
80,MLO-5+6-160+160_S3_seed2,MLO-5+6-160+160,MLO,S3,Long NLoS,2,5G+6G,160+160,55.28,Mbps,55.28,0.228622460371,22.8622460371,0.0114449213162,no_full_outage,PASS,none,audited_pass_no_warning,PASS,yes,683,2,2,5G+6G,5G+6G,160+160,160000000+160000000,50+15,no,4479,3455,1024,3495,3455,40,0.5,50,adjusted_final_selected_channel,yes,0,0,results/wifi7_mlo_adjusted_final_experiment_raw.csv,81,throughput_mbps;app_packet_loss_ratio;run_status;channel_selection_status,rows(run_id=MLO-5+6-160+160_S3_seed2),formal_raw_run,Formal adjusted final result; three seed runs completed successfully.
81,MLO-5+6-160+160_S3_seed3,MLO-5+6-160+160,MLO,S3,Long NLoS,3,5G+6G,160+160,55.328,Mbps,55.328,0.228469433289,22.8469433289,0.0114351057747,no_full_outage,PASS,none,audited_pass_no_warning,PASS,yes,718,2,2,5G+6G,5G+6G,160+160,160000000+160000000,50+15,no,4482,3458,1024,3498,3458,40,0.5,50,adjusted_final_selected_channel,yes,0,0,results/wifi7_mlo_adjusted_final_experiment_raw.csv,82,throughput_mbps;app_packet_loss_ratio;run_status;channel_selection_status,rows(run_id=MLO-5+6-160+160_S3_seed3),formal_raw_run,Formal adjusted final result; three seed runs completed successfully.
82,MLO-5+6-160+160_S4_seed1,MLO-5+6-160+160,MLO,S4,Long mixed,1,5G+6G,160+160,54.864,Mbps,54.864,0.229957332136,22.9957332136,0.0115307004901,no_full_outage,PASS,none,audited_pass_no_warning,PASS,yes,707,2,2,5G+6G,5G+6G,160+160,160000000+160000000,50+15,no,4453,3429,1024,3469,3429,40,0.5,53.8516480713,adjusted_final_selected_channel,yes,0,0,results/wifi7_mlo_adjusted_final_experiment_raw.csv,83,throughput_mbps;app_packet_loss_ratio;run_status;channel_selection_status,rows(run_id=MLO-5+6-160+160_S4_seed1),formal_raw_run,Formal adjusted final result; three seed runs completed successfully.
83,MLO-5+6-160+160_S4_seed2,MLO-5+6-160+160,MLO,S4,Long mixed,2,5G+6G,160+160,55.28,Mbps,55.28,0.228622460371,22.8622460371,0.0114449213162,no_full_outage,PASS,none,audited_pass_no_warning,PASS,yes,683,2,2,5G+6G,5G+6G,160+160,160000000+160000000,50+15,no,4479,3455,1024,3495,3455,40,0.5,53.8516480713,adjusted_final_selected_channel,yes,0,0,results/wifi7_mlo_adjusted_final_experiment_raw.csv,84,throughput_mbps;app_packet_loss_ratio;run_status;channel_selection_status,rows(run_id=MLO-5+6-160+160_S4_seed2),formal_raw_run,Formal adjusted final result; three seed runs completed successfully.
84,MLO-5+6-160+160_S4_seed3,MLO-5+6-160+160,MLO,S4,Long mixed,3,5G+6G,160+160,55.328,Mbps,55.328,0.228469433289,22.8469433289,0.0114351057747,no_full_outage,PASS,none,audited_pass_no_warning,PASS,yes,718,2,2,5G+6G,5G+6G,160+160,160000000+160000000,50+15,no,4482,3458,1024,3498,3458,40,0.5,53.8516480713,adjusted_final_selected_channel,yes,0,0,results/wifi7_mlo_adjusted_final_experiment_raw.csv,85,throughput_mbps;app_packet_loss_ratio;run_status;channel_selection_status,rows(run_id=MLO-5+6-160+160_S4_seed3),formal_raw_run,Formal adjusted final result; three seed runs completed successfully.
85,MLO-5+6-160+320_S1_seed1,MLO-5+6-160+320,MLO,S1,Short LoS,1,5G+6G,160+320,163.872,Mbps,163.872,0.0908929522457,9.08929522457,0.0100521940847,no_full_outage,PASS,none,audited_pass_no_warning,PASS,yes,782,2,2,5G+6G,5G+6G,160+320,160000000+320000000,50+31,no,11266,10242,1024,10346,10242,104,0.5,5,adjusted_final_selected_channel,no,0,0,results/wifi7_mlo_adjusted_final_experiment_raw.csv,86,throughput_mbps;app_packet_loss_ratio;run_status;channel_selection_status,rows(run_id=MLO-5+6-160+320_S1_seed1),formal_raw_run,Formal adjusted final result; three seed runs completed successfully.
86,MLO-5+6-160+320_S1_seed2,MLO-5+6-160+320,MLO,S1,Short LoS,2,5G+6G,160+320,163.824,Mbps,163.824,0.0909171623901,9.09171623901,0.0100551097361,no_full_outage,PASS,none,audited_pass_no_warning,PASS,yes,782,2,2,5G+6G,5G+6G,160+320,160000000+320000000,50+31,no,11263,10239,1024,10343,10239,104,0.5,5,adjusted_final_selected_channel,no,0,0,results/wifi7_mlo_adjusted_final_experiment_raw.csv,87,throughput_mbps;app_packet_loss_ratio;run_status;channel_selection_status,rows(run_id=MLO-5+6-160+320_S1_seed2),formal_raw_run,Formal adjusted final result; three seed runs completed successfully.
87,MLO-5+6-160+320_S1_seed3,MLO-5+6-160+320,MLO,S1,Short LoS,3,5G+6G,160+320,163.872,Mbps,163.872,0.0908929522457,9.08929522457,0.0100521940847,no_full_outage,PASS,none,audited_pass_no_warning,PASS,yes,782,2,2,5G+6G,5G+6G,160+320,160000000+320000000,50+31,no,11266,10242,1024,10346,10242,104,0.5,5,adjusted_final_selected_channel,no,0,0,results/wifi7_mlo_adjusted_final_experiment_raw.csv,88,throughput_mbps;app_packet_loss_ratio;run_status;channel_selection_status,rows(run_id=MLO-5+6-160+320_S1_seed3),formal_raw_run,Formal adjusted final result; three seed runs completed successfully.
88,MLO-5+6-160+320_S2_seed1,MLO-5+6-160+320,MLO,S2,Medium LoS intermittent light obstruction,1,5G+6G,160+320,32.336,Mbps,32.336,0.301417213965,30.1417213965,0.246390760346,no_full_outage,PASS,none,audited_pass_no_warning,PASS,yes,796,2,2,5G+6G,5G+6G,160+320,160000000+320000000,50+31,no,2893,2021,872,3117,2349,768,0.5,40,adjusted_final_selected_channel,yes,0.2,0.190954773869,results/wifi7_mlo_adjusted_final_experiment_raw.csv,89,throughput_mbps;app_packet_loss_ratio;run_status;channel_selection_status,rows(run_id=MLO-5+6-160+320_S2_seed1),formal_raw_run,Formal adjusted final result; three seed runs completed successfully.
89,MLO-5+6-160+320_S2_seed2,MLO-5+6-160+320,MLO,S2,Medium LoS intermittent light obstruction,2,5G+6G,160+320,28.272,Mbps,28.272,0.322209436133,32.2209436133,0.221683408382,no_full_outage,PASS,none,audited_pass_no_warning,PASS,yes,790,2,2,5G+6G,5G+6G,160+320,160000000+320000000,50+31,no,2607,1767,840,2887,2247,640,0.5,40,adjusted_final_selected_channel,yes,0.2,0.20253164557,results/wifi7_mlo_adjusted_final_experiment_raw.csv,90,throughput_mbps;app_packet_loss_ratio;run_status;channel_selection_status,rows(run_id=MLO-5+6-160+320_S2_seed2),formal_raw_run,Formal adjusted final result; three seed runs completed successfully.
90,MLO-5+6-160+320_S2_seed3,MLO-5+6-160+320,MLO,S2,Medium LoS intermittent light obstruction,3,5G+6G,160+320,28.832,Mbps,28.832,0.356887937188,35.6887937188,0.241592312972,no_full_outage,PASS,none,audited_pass_no_warning,PASS,yes,732,2,2,5G+6G,5G+6G,160+320,160000000+320000000,50+31,no,2802,1802,1000,2914,2210,704,0.5,40,adjusted_final_selected_channel,yes,0.2,0.20218579235,results/wifi7_mlo_adjusted_final_experiment_raw.csv,91,throughput_mbps;app_packet_loss_ratio;run_status;channel_selection_status,rows(run_id=MLO-5+6-160+320_S2_seed3),formal_raw_run,Formal adjusted final result; three seed runs completed successfully.
91,MLO-5+6-160+320_S3_seed1,MLO-5+6-160+320,MLO,S3,Long NLoS,1,5G+6G,160+320,54.736,Mbps,54.736,0.2303712036,23.03712036,0.0115573533661,no_full_outage,PASS,none,audited_pass_no_warning,PASS,yes,748,2,2,5G+6G,5G+6G,160+320,160000000+320000000,50+31,no,4445,3421,1024,3461,3421,40,0.5,50,adjusted_final_selected_channel,yes,0,0,results/wifi7_mlo_adjusted_final_experiment_raw.csv,92,throughput_mbps;app_packet_loss_ratio;run_status;channel_selection_status,rows(run_id=MLO-5+6-160+320_S3_seed1),formal_raw_run,Formal adjusted final result; three seed runs completed successfully.
92,MLO-5+6-160+320_S3_seed2,MLO-5+6-160+320,MLO,S3,Long NLoS,2,5G+6G,160+320,54.64,Mbps,54.64,0.229467509025,22.9467509025,0,no_full_outage,PASS,none,audited_pass_no_warning,PASS,yes,786,2,2,5G+6G,5G+6G,160+320,160000000+320000000,50+31,no,4432,3415,1017,3415,3415,0,0.5,50,adjusted_final_selected_channel,yes,0,0,results/wifi7_mlo_adjusted_final_experiment_raw.csv,93,throughput_mbps;app_packet_loss_ratio;run_status;channel_selection_status,rows(run_id=MLO-5+6-160+320_S3_seed2),formal_raw_run,Formal adjusted final result; three seed runs completed successfully.
93,MLO-5+6-160+320_S3_seed3,MLO-5+6-160+320,MLO,S3,Long NLoS,3,5G+6G,160+320,54.304,Mbps,54.304,0.231779085559,23.1779085559,0.0116482236459,no_full_outage,PASS,none,audited_pass_no_warning,PASS,yes,779,2,2,5G+6G,5G+6G,160+320,160000000+320000000,50+31,no,4418,3394,1024,3434,3394,40,0.5,50,adjusted_final_selected_channel,yes,0,0,results/wifi7_mlo_adjusted_final_experiment_raw.csv,94,throughput_mbps;app_packet_loss_ratio;run_status;channel_selection_status,rows(run_id=MLO-5+6-160+320_S3_seed3),formal_raw_run,Formal adjusted final result; three seed runs completed successfully.
94,MLO-5+6-160+320_S4_seed1,MLO-5+6-160+320,MLO,S4,Long mixed,1,5G+6G,160+320,54.736,Mbps,54.736,0.2303712036,23.03712036,0.0115573533661,no_full_outage,PASS,none,audited_pass_no_warning,PASS,yes,748,2,2,5G+6G,5G+6G,160+320,160000000+320000000,50+31,no,4445,3421,1024,3461,3421,40,0.5,53.8516480713,adjusted_final_selected_channel,yes,0,0,results/wifi7_mlo_adjusted_final_experiment_raw.csv,95,throughput_mbps;app_packet_loss_ratio;run_status;channel_selection_status,rows(run_id=MLO-5+6-160+320_S4_seed1),formal_raw_run,Formal adjusted final result; three seed runs completed successfully.
95,MLO-5+6-160+320_S4_seed2,MLO-5+6-160+320,MLO,S4,Long mixed,2,5G+6G,160+320,54.64,Mbps,54.64,0.229467509025,22.9467509025,0,no_full_outage,PASS,none,audited_pass_no_warning,PASS,yes,786,2,2,5G+6G,5G+6G,160+320,160000000+320000000,50+31,no,4432,3415,1017,3415,3415,0,0.5,53.8516480713,adjusted_final_selected_channel,yes,0,0,results/wifi7_mlo_adjusted_final_experiment_raw.csv,96,throughput_mbps;app_packet_loss_ratio;run_status;channel_selection_status,rows(run_id=MLO-5+6-160+320_S4_seed2),formal_raw_run,Formal adjusted final result; three seed runs completed successfully.
96,MLO-5+6-160+320_S4_seed3,MLO-5+6-160+320,MLO,S4,Long mixed,3,5G+6G,160+320,54.304,Mbps,54.304,0.231779085559,23.1779085559,0.0116482236459,no_full_outage,PASS,none,audited_pass_no_warning,PASS,yes,779,2,2,5G+6G,5G+6G,160+320,160000000+320000000,50+31,no,4418,3394,1024,3434,3394,40,0.5,53.8516480713,adjusted_final_selected_channel,yes,0,0,results/wifi7_mlo_adjusted_final_experiment_raw.csv,97,throughput_mbps;app_packet_loss_ratio;run_status;channel_selection_status,rows(run_id=MLO-5+6-160+320_S4_seed3),formal_raw_run,Formal adjusted final result; three seed runs completed successfully.
