source_path,file_name,file_extension,file_size_bytes,sha256,category,upload_decision,github_path_if_uploaded,reason,formal_main_result_evidence,sensitive_path_status
analyze_wifi7_mlo_adjusted_final_issue_audit.m,analyze_wifi7_mlo_adjusted_final_issue_audit.m,.m,24752,0939e5cd19c6777e4f6e30733660dac1e8741a8fd893ed5dae7de42a76400f1a,formal_adjusted_final_code_evidence,not_uploaded_directly,,MATLAB code evidence is cited in README/manifest; source code is not needed to verify the uploaded CSV values.,false,relative_path_only_no_local_absolute_path
analyze_wifi7_mlo_adjusted_final_plots_and_tables.m,analyze_wifi7_mlo_adjusted_final_plots_and_tables.m,.m,32407,f8ff49bc10fa289421bac5b070bf92d3abe6a0f6cd4e01881bbc4e2c4299c040,formal_adjusted_final_code_evidence,not_uploaded_directly,,MATLAB code evidence is cited in README/manifest; source code is not needed to verify the uploaded CSV values.,false,relative_path_only_no_local_absolute_path
analyze_wifi7_mlo_s2_candidate_ranking_audit.m,analyze_wifi7_mlo_s2_candidate_ranking_audit.m,.m,35658,b6204e87991654267038d44f9582d144450c70061bbd33cb34332ba11c6ce75d,audit_postprocess_or_plot,not_uploaded_or_manifest_only,,Plots/post-processing artifacts are not necessary for numeric verification.,false,relative_path_only_no_local_absolute_path
check_wifi7_mlo_systemlevel_prereq.m,check_wifi7_mlo_systemlevel_prereq.m,.m,32922,d2354fccac5709115602990802d09234c4dedacbc9b22cb8ef9e0116f02801ad,pilot_test_or_environment_check,not_uploaded_or_manifest_only,,Pilot/test/environment files are identified but excluded from formal results.,false,relative_path_only_no_local_absolute_path
check_wlan_wifi7_license_smoke_test.m,check_wlan_wifi7_license_smoke_test.m,.m,25191,dc269e56d5c2508e883846251a311d5f390bfe4a477b95037004738583ed2c79,pilot_test_or_environment_check,not_uploaded_or_manifest_only,,Pilot/test/environment files are identified but excluded from formal results.,false,relative_path_only_no_local_absolute_path
compare_wifi7_mlo_s1_s3_pilots.m,compare_wifi7_mlo_s1_s3_pilots.m,.m,23843,82cd5c687c8e28492e4274bc8d08f99a2662389290e1d53af3b378b492b01e90,pilot_test_or_environment_check,not_uploaded_or_manifest_only,,Pilot/test/environment files are identified but excluded from formal results.,false,relative_path_only_no_local_absolute_path
debug_wifi7_mlo_s2_penalty_wiring_audit.m,debug_wifi7_mlo_s2_penalty_wiring_audit.m,.m,51188,3e64f324f6c5c185d0db1b732bd8322e6e92498fa457b1ea54ed8be627721354,pilot_test_or_environment_check,not_uploaded_or_manifest_only,,Pilot/test/environment files are identified but excluded from formal results.,false,relative_path_only_no_local_absolute_path
debug_wifi7_sl_6g_320_creation_fix_pilot.m,debug_wifi7_sl_6g_320_creation_fix_pilot.m,.m,44639,776e32e4330f78cf87233d4da1c6b46a64ceb0363fe83b9a605dd46e1c88dee5,diagnostic_unsupported_or_unstable,referenced_in_results/wifi7_diagnostics,,Unsupported diagnostic note is documented but not mixed into formal 32 rows.,false,relative_path_only_no_local_absolute_path
debug_wifi7_sl_6g_320_s2_outage_diagnosis_pilot.m,debug_wifi7_sl_6g_320_s2_outage_diagnosis_pilot.m,.m,44244,832e136bcebfd78d335bbf12fe8283077ccb06c90e4ab268ced5ed7adf7cd702,diagnostic_unsupported_or_unstable,referenced_in_results/wifi7_diagnostics,,Unsupported diagnostic note is documented but not mixed into formal 32 rows.,false,relative_path_only_no_local_absolute_path
diagnose_wifi7_mlo_channel_sensitivity.m,diagnose_wifi7_mlo_channel_sensitivity.m,.m,39413,7aaec475885d0b16b27de68e61a3886468c9ea06de927e4028a64e718167be5f,pilot_test_or_environment_check,not_uploaded_or_manifest_only,,Pilot/test/environment files are identified but excluded from formal results.,false,relative_path_only_no_local_absolute_path
results/final_plots_wifi7_adjusted/final_app_loss_heatmap_config_scene.png,final_app_loss_heatmap_config_scene.png,.png,111902,c0b6cf337f94f55c6062ae5999fb3e193ef2ada7014cd5c579dae3136534e3be,audit_postprocess_or_plot,not_uploaded_or_manifest_only,,Plots/post-processing artifacts are not necessary for numeric verification.,false,relative_path_only_no_local_absolute_path
results/final_plots_wifi7_adjusted/final_mlo_vs_sl_average_throughput.png,final_mlo_vs_sl_average_throughput.png,.png,45616,75c45a76b9f207782dbf024d7657956b264ad78011435391fd96b49aae99af3d,audit_postprocess_or_plot,not_uploaded_or_manifest_only,,Plots/post-processing artifacts are not necessary for numeric verification.,false,relative_path_only_no_local_absolute_path
results/final_plots_wifi7_adjusted/final_scene_degradation_trend.png,final_scene_degradation_trend.png,.png,65064,48febffcffb9ab6f7fa8e969af5b2cc054d6e04e56170e702239c7ef35ae5fa6,audit_postprocess_or_plot,not_uploaded_or_manifest_only,,Plots/post-processing artifacts are not necessary for numeric verification.,false,relative_path_only_no_local_absolute_path
results/final_plots_wifi7_adjusted/final_throughput_by_config_bar.png,final_throughput_by_config_bar.png,.png,82107,b5c0a105965313be78b04a52157de5ef413bdf3b4f6a5231bb8d51ed35522154,audit_postprocess_or_plot,not_uploaded_or_manifest_only,,Plots/post-processing artifacts are not necessary for numeric verification.,false,relative_path_only_no_local_absolute_path
results/final_plots_wifi7_adjusted/final_throughput_by_scene_bar.png,final_throughput_by_scene_bar.png,.png,86191,73b54157d05ca1c06bfff4c319d19570458401c8fc9122d29277c576572a4edf,audit_postprocess_or_plot,not_uploaded_or_manifest_only,,Plots/post-processing artifacts are not necessary for numeric verification.,false,relative_path_only_no_local_absolute_path
results/final_plots_wifi7_adjusted/final_throughput_heatmap_config_scene.png,final_throughput_heatmap_config_scene.png,.png,120333,b38106c5bd840b742b7bdb3efb9256b2b8780d40365f45c430b51e03f26950d0,audit_postprocess_or_plot,not_uploaded_or_manifest_only,,Plots/post-processing artifacts are not necessary for numeric verification.,false,relative_path_only_no_local_absolute_path
results/final_plots_wifi7_adjusted/final_unsupported_sl6320_note.png,final_unsupported_sl6320_note.png,.png,124005,eef8ebc76fbcee34ff23cffd6b47a2c549767c8004fce0cabf9f9c1f24f1e065,diagnostic_unsupported_or_unstable,referenced_in_results/wifi7_diagnostics,,Unsupported diagnostic note is documented but not mixed into formal 32 rows.,false,relative_path_only_no_local_absolute_path
results/final_plots_wifi7_adjusted/final_warning_cases_sl6160.png,final_warning_cases_sl6160.png,.png,78512,550f8678c8b4b05714ecd4a4b4e3a27bc03d8e9d444a19f139457600c59fdc96,audit_postprocess_or_plot,not_uploaded_or_manifest_only,,Plots/post-processing artifacts are not necessary for numeric verification.,false,relative_path_only_no_local_absolute_path
results/minimal_wifi7_mlo_systemlevel_smoke_test_report.csv,minimal_wifi7_mlo_systemlevel_smoke_test_report.csv,.csv,5963,572a30c48992d369f70a0c998f7c544c68833303bb0291fd9efa4af7d21c646d,pilot_test_or_environment_check,not_uploaded_or_manifest_only,,Pilot/test/environment files are identified but excluded from formal results.,false,relative_path_only_no_local_absolute_path
results/minimal_wifi7_mlo_systemlevel_smoke_test_report_cn.txt,minimal_wifi7_mlo_systemlevel_smoke_test_report_cn.txt,.txt,4501,2c4beee19b54b35ca536136b30c590d6a5c7060180b6dd280ab759060afc9b00,pilot_test_or_environment_check,not_uploaded_or_manifest_only,,Pilot/test/environment files are identified but excluded from formal results.,false,relative_path_only_no_local_absolute_path
results/wifi7_mlo_9config_integrity_check_pilot_channel_map.csv,wifi7_mlo_9config_integrity_check_pilot_channel_map.csv,.csv,3141,5ce4bfd4775fcdd22969f86b313e5c606c34c13e916a3d4e1cb936de2208fda8,pilot_test_or_environment_check,not_uploaded_or_manifest_only,,Pilot/test/environment files are identified but excluded from formal results.,false,relative_path_only_no_local_absolute_path
results/wifi7_mlo_9config_integrity_check_pilot_issue_log.csv,wifi7_mlo_9config_integrity_check_pilot_issue_log.csv,.csv,6564,6bd4237ea0d5aeadb85c0e2f9976180d4282fc5cc39ea19e0c5c1a17e6591ad7,pilot_test_or_environment_check,not_uploaded_or_manifest_only,,Pilot/test/environment files are identified but excluded from formal results.,false,relative_path_only_no_local_absolute_path
results/wifi7_mlo_9config_integrity_check_pilot_log.txt,wifi7_mlo_9config_integrity_check_pilot_log.txt,.txt,17866,d410c9e8552b89d2ea2a5cce2dca7e182fd52c158963ec61ce70c6e9508b7804,pilot_test_or_environment_check,not_uploaded_or_manifest_only,,Pilot/test/environment files are identified but excluded from formal results.,false,relative_path_only_no_local_absolute_path
results/wifi7_mlo_9config_integrity_check_pilot_raw.csv,wifi7_mlo_9config_integrity_check_pilot_raw.csv,.csv,12849,8a3b3600a35fff2973cdde80fba5d9492c95168c994f2b3d16a395447201c9ef,pilot_test_or_environment_check,not_uploaded_or_manifest_only,,Pilot/test/environment files are identified but excluded from formal results.,false,relative_path_only_no_local_absolute_path
results/wifi7_mlo_9config_integrity_check_pilot_report_cn.md,wifi7_mlo_9config_integrity_check_pilot_report_cn.md,.md,6745,181af8833cc255e315406b5c2ac22f4eedae88df479e90d4338dc3e5be1d12d1,pilot_test_or_environment_check,not_uploaded_or_manifest_only,,Pilot/test/environment files are identified but excluded from formal results.,false,relative_path_only_no_local_absolute_path
results/wifi7_mlo_9config_integrity_check_pilot_summary_by_config.csv,wifi7_mlo_9config_integrity_check_pilot_summary_by_config.csv,.csv,4084,b58f8127ccfefb671d7baf23f327ba76df0ca95841e0fe9b46229b5c1ec17b7d,pilot_test_or_environment_check,not_uploaded_or_manifest_only,,Pilot/test/environment files are identified but excluded from formal results.,false,relative_path_only_no_local_absolute_path
results/wifi7_mlo_adjusted_8config_integrity_check_pilot_channel_map.csv,wifi7_mlo_adjusted_8config_integrity_check_pilot_channel_map.csv,.csv,1663,835af6d95e8e44a76c3fd5387b110e852e2b8b2873fbfc035e0e290e51f993d2,pilot_test_or_environment_check,not_uploaded_or_manifest_only,,Pilot/test/environment files are identified but excluded from formal results.,false,relative_path_only_no_local_absolute_path
results/wifi7_mlo_adjusted_8config_integrity_check_pilot_issue_log.csv,wifi7_mlo_adjusted_8config_integrity_check_pilot_issue_log.csv,.csv,248,d92b15fcd3a6911ea9d2e6a875a0f07654da10858fee517ae5e267979e8ee57e,pilot_test_or_environment_check,not_uploaded_or_manifest_only,,Pilot/test/environment files are identified but excluded from formal results.,false,relative_path_only_no_local_absolute_path
results/wifi7_mlo_adjusted_8config_integrity_check_pilot_log.txt,wifi7_mlo_adjusted_8config_integrity_check_pilot_log.txt,.txt,13117,669278d27554d965315586ede2dc8ad58ec9663e919edebc526e86a4a57ccbda,pilot_test_or_environment_check,not_uploaded_or_manifest_only,,Pilot/test/environment files are identified but excluded from formal results.,false,relative_path_only_no_local_absolute_path
results/wifi7_mlo_adjusted_8config_integrity_check_pilot_raw.csv,wifi7_mlo_adjusted_8config_integrity_check_pilot_raw.csv,.csv,8855,b881e0e1bd74ad58d31a814db3ce4cf1fe6c318cd800ab882a0983f3159393de,pilot_test_or_environment_check,not_uploaded_or_manifest_only,,Pilot/test/environment files are identified but excluded from formal results.,false,relative_path_only_no_local_absolute_path
results/wifi7_mlo_adjusted_8config_integrity_check_pilot_report_cn.md,wifi7_mlo_adjusted_8config_integrity_check_pilot_report_cn.md,.md,6742,56d39a9083699fae666ad937803f0282760fd1f763472cccbc96a49e4b095a5b,pilot_test_or_environment_check,not_uploaded_or_manifest_only,,Pilot/test/environment files are identified but excluded from formal results.,false,relative_path_only_no_local_absolute_path
results/wifi7_mlo_adjusted_8config_integrity_check_pilot_summary_by_config.csv,wifi7_mlo_adjusted_8config_integrity_check_pilot_summary_by_config.csv,.csv,2527,a818bb966d3ce797b9a9ff1898f7807e829313d17583ec8e65b719fa61352da5,pilot_test_or_environment_check,not_uploaded_or_manifest_only,,Pilot/test/environment files are identified but excluded from formal results.,false,relative_path_only_no_local_absolute_path
results/wifi7_mlo_adjusted_8config_integrity_check_pilot_unsupported_config_note.csv,wifi7_mlo_adjusted_8config_integrity_check_pilot_unsupported_config_note.csv,.csv,901,1b6d4ee9016f58cce71b0cdfd71a200778aa6edfb1b257b62b739dc8bd2f330e,diagnostic_unsupported_or_unstable,referenced_in_results/wifi7_diagnostics,,Unsupported diagnostic note is documented but not mixed into formal 32 rows.,false,relative_path_only_no_local_absolute_path
results/wifi7_mlo_adjusted_final_experiment_channel_map.csv,wifi7_mlo_adjusted_final_experiment_channel_map.csv,.csv,1663,835af6d95e8e44a76c3fd5387b110e852e2b8b2873fbfc035e0e290e51f993d2,formal_adjusted_final_evidence,summarized_or_referenced_in_results/wifi7_adjusted_final,,"Formal evidence is represented through normalized CSV, validation, audit, manifest, and README.",true,relative_path_only_no_local_absolute_path
results/wifi7_mlo_adjusted_final_experiment_issue_log.csv,wifi7_mlo_adjusted_final_experiment_issue_log.csv,.csv,1581,8262d717bf0ce4d1b39412d91320bb572fea218d8115d4eb016a57ee14529861,formal_adjusted_final_evidence,summarized_or_referenced_in_results/wifi7_adjusted_final,,"Formal evidence is represented through normalized CSV, validation, audit, manifest, and README.",true,relative_path_only_no_local_absolute_path
results/wifi7_mlo_adjusted_final_experiment_log.txt,wifi7_mlo_adjusted_final_experiment_log.txt,.txt,69312,abb4f0319eea641c62e863b5d2130fd7ca36f6dfbca10d73ef6c45f98e913b0b,formal_adjusted_final_evidence,summarized_or_referenced_in_results/wifi7_adjusted_final,,"Formal evidence is represented through normalized CSV, validation, audit, manifest, and README.",true,relative_path_only_no_local_absolute_path
results/wifi7_mlo_adjusted_final_experiment_raw.csv,wifi7_mlo_adjusted_final_experiment_raw.csv,.csv,47294,4366b5aa9437b314bf84a107be1622e97e837bd5e58213867d5bd4bfdd6cc543,formal_adjusted_final_evidence,normalized_into_results/wifi7_adjusted_final/wifi7_adjusted_final_96raw.csv,results/wifi7_adjusted_final/wifi7_adjusted_final_96raw.csv,Formal raw values are exported with source row numbers and unit annotations.,true,relative_path_only_no_local_absolute_path
results/wifi7_mlo_adjusted_final_experiment_report_cn.md,wifi7_mlo_adjusted_final_experiment_report_cn.md,.md,12909,9d56604ff3b307c6e28a122cd43f1642c403277e8a5944f762428f65d6569bba,other_wifi7_related,not_uploaded_or_manifest_only,,Related Wi-Fi 7 file; not part of formal adjusted 96/32 evidence upload.,false,relative_path_only_no_local_absolute_path
results/wifi7_mlo_adjusted_final_experiment_summary_by_config.csv,wifi7_mlo_adjusted_final_experiment_summary_by_config.csv,.csv,3052,cb2fd4d4f08ceb1629aeae96920f60cedb6bc9d9d2287f07ef8468b073c0cc95,formal_adjusted_final_evidence,summarized_or_referenced_in_results/wifi7_adjusted_final,,"Formal evidence is represented through normalized CSV, validation, audit, manifest, and README.",true,relative_path_only_no_local_absolute_path
results/wifi7_mlo_adjusted_final_experiment_summary_by_config_scene.csv,wifi7_mlo_adjusted_final_experiment_summary_by_config_scene.csv,.csv,13578,551440b130144a136faade53abac155ea46d5fea8fc98f2c7c4dce0eba22e8d7,formal_adjusted_final_evidence,summarized_or_referenced_in_results/wifi7_adjusted_final,,"Formal evidence is represented through normalized CSV, validation, audit, manifest, and README.",true,relative_path_only_no_local_absolute_path
results/wifi7_mlo_adjusted_final_experiment_summary_by_scene.csv,wifi7_mlo_adjusted_final_experiment_summary_by_scene.csv,.csv,1156,a01b0324fdf4c4a6576bb87db9ce116909773f426ba2dab4f813367ee4864410,formal_adjusted_final_evidence,summarized_or_referenced_in_results/wifi7_adjusted_final,,"Formal evidence is represented through normalized CSV, validation, audit, manifest, and README.",true,relative_path_only_no_local_absolute_path
results/wifi7_mlo_adjusted_final_experiment_unsupported_config_note.csv,wifi7_mlo_adjusted_final_experiment_unsupported_config_note.csv,.csv,885,5babcacdb7838ef1dc995e1c56290c9a49ba1672a7fb879280ad95ce5999536b,diagnostic_unsupported_or_unstable,referenced_in_results/wifi7_diagnostics,,Unsupported diagnostic note is documented but not mixed into formal 32 rows.,false,relative_path_only_no_local_absolute_path
results/wifi7_mlo_adjusted_final_issue_audit_log.txt,wifi7_mlo_adjusted_final_issue_audit_log.txt,.txt,752,61c899d14c3491862e0dff128d4292235ef383abd41ac662377b9caf60e6f739,audit_postprocess_or_plot,not_uploaded_or_manifest_only,,Plots/post-processing artifacts are not necessary for numeric verification.,false,relative_path_only_no_local_absolute_path
results/wifi7_mlo_adjusted_final_issue_audit_report_cn.md,wifi7_mlo_adjusted_final_issue_audit_report_cn.md,.md,5517,db726100c541c75cb800774afde63a1b9e90cd157ed6f3ee2e8235ac9f780f5d,audit_postprocess_or_plot,not_uploaded_or_manifest_only,,Plots/post-processing artifacts are not necessary for numeric verification.,false,relative_path_only_no_local_absolute_path
results/wifi7_mlo_adjusted_final_issue_audit_sl6160.csv,wifi7_mlo_adjusted_final_issue_audit_sl6160.csv,.csv,3236,33ac2aaf34bea14ddbbebfed006f5184a19a5da0bcc54c221ac09a874b815785,formal_adjusted_final_evidence,summarized_or_referenced_in_results/wifi7_adjusted_final,,"Formal evidence is represented through normalized CSV, validation, audit, manifest, and README.",true,relative_path_only_no_local_absolute_path
results/wifi7_mlo_adjusted_final_issue_audit_summary.csv,wifi7_mlo_adjusted_final_issue_audit_summary.csv,.csv,1485,5487fcbe8eedbfe9186d3ef1b1611b8b609d6a6c0c03c61b3cdd09c4410dbd14,formal_adjusted_final_evidence,summarized_or_referenced_in_results/wifi7_adjusted_final,,"Formal evidence is represented through normalized CSV, validation, audit, manifest, and README.",true,relative_path_only_no_local_absolute_path
results/wifi7_mlo_adjusted_final_plots_and_tables_log.txt,wifi7_mlo_adjusted_final_plots_and_tables_log.txt,.txt,1345,4b89f88a1d0c9065279c1fb05608ba9b9c378df9630d8041445975bcdb6061d6,audit_postprocess_or_plot,not_uploaded_or_manifest_only,,Plots/post-processing artifacts are not necessary for numeric verification.,false,relative_path_only_no_local_absolute_path
results/wifi7_mlo_adjusted_final_plots_report_cn.md,wifi7_mlo_adjusted_final_plots_report_cn.md,.md,2584,b4318efbe3d11c3375bf46e476350279c66ebed3b000db5ed029e55ec6e41e77,audit_postprocess_or_plot,not_uploaded_or_manifest_only,,Plots/post-processing artifacts are not necessary for numeric verification.,false,relative_path_only_no_local_absolute_path
results/wifi7_mlo_adjusted_final_result_analysis_draft_cn.md,wifi7_mlo_adjusted_final_result_analysis_draft_cn.md,.md,2843,3477675cbaeb54aa09c348ab42023a9b3ee92e7505571f78a6e389d5508d20ed,other_wifi7_related,not_uploaded_or_manifest_only,,Related Wi-Fi 7 file; not part of formal adjusted 96/32 evidence upload.,false,relative_path_only_no_local_absolute_path
results/wifi7_mlo_adjusted_final_result_readiness_decision.csv,wifi7_mlo_adjusted_final_result_readiness_decision.csv,.csv,870,60b1d1d8142d87ccdb94b5656e3564c1f83abe0b65d5e2f781c0e3ffc16254cd,formal_adjusted_final_evidence,summarized_or_referenced_in_results/wifi7_adjusted_final,,"Formal evidence is represented through normalized CSV, validation, audit, manifest, and README.",true,relative_path_only_no_local_absolute_path
results/wifi7_mlo_adjusted_final_table_config_ranking.csv,wifi7_mlo_adjusted_final_table_config_ranking.csv,.csv,1831,cacef210ffe05a22858e6c7b32877c01fee849d5147fa9582e754b7fac6536c9,formal_adjusted_final_evidence,summarized_or_referenced_in_results/wifi7_adjusted_final,,"Formal evidence is represented through normalized CSV, validation, audit, manifest, and README.",true,relative_path_only_no_local_absolute_path
results/wifi7_mlo_adjusted_final_table_main_32rows.csv,wifi7_mlo_adjusted_final_table_main_32rows.csv,.csv,7474,cd77e2a19fbe4429beb690c86a0574d9a43c8f936dece2f90a41f8f680d23f15,formal_adjusted_final_evidence,normalized_into_results/wifi7_adjusted_final/wifi7_adjusted_final_32summary.csv,results/wifi7_adjusted_final/wifi7_adjusted_final_32summary.csv,Formal 32-row table is exported with required fields and evidence annotations.,true,relative_path_only_no_local_absolute_path
results/wifi7_mlo_adjusted_final_table_scene_summary.csv,wifi7_mlo_adjusted_final_table_scene_summary.csv,.csv,977,0dff0c8fe740b18b6d6fadf130f04eff4dbc99ff3983791adfe073ca32216eb9,other_wifi7_related,not_uploaded_or_manifest_only,,Related Wi-Fi 7 file; not part of formal adjusted 96/32 evidence upload.,false,relative_path_only_no_local_absolute_path
results/wifi7_mlo_adjusted_final_table_unsupported_config_summary.csv,wifi7_mlo_adjusted_final_table_unsupported_config_summary.csv,.csv,785,fd9d3cd9e5e3a64239df929653ddc91bd180d33b9088dc58d4b6f8d46e9114c3,diagnostic_unsupported_or_unstable,referenced_in_results/wifi7_diagnostics,,Unsupported diagnostic note is documented but not mixed into formal 32 rows.,false,relative_path_only_no_local_absolute_path
results/wifi7_mlo_adjusted_final_table_warning_cases.csv,wifi7_mlo_adjusted_final_table_warning_cases.csv,.csv,941,eba26e6aa001dd11645c7b5fb4177034dd0da49edd8d911d68ef13bd23feba39,audit_postprocess_or_plot,not_uploaded_or_manifest_only,,Plots/post-processing artifacts are not necessary for numeric verification.,false,relative_path_only_no_local_absolute_path
results/wifi7_mlo_channel_api_inspection.txt,wifi7_mlo_channel_api_inspection.txt,.txt,30370,60552dfed8c7c81ae74a19cf41f80463abaaf55f565ba0895148abe94c48174d,other_wifi7_related,not_uploaded_or_manifest_only,,Related Wi-Fi 7 file; not part of formal adjusted 96/32 evidence upload.,false,relative_path_only_no_local_absolute_path
results/wifi7_mlo_channel_sensitivity_log.txt,wifi7_mlo_channel_sensitivity_log.txt,.txt,1856,3cc472e4f05b408c20722727f3a8b9184e8ae383d6015a4df759adc78fd91f45,other_wifi7_related,not_uploaded_or_manifest_only,,Related Wi-Fi 7 file; not part of formal adjusted 96/32 evidence upload.,false,relative_path_only_no_local_absolute_path
results/wifi7_mlo_channel_sensitivity_report_cn.md,wifi7_mlo_channel_sensitivity_report_cn.md,.md,4224,b92eed48d213e5fe5d4b05044ae23a9eb6abccc5217a1071e1e029f4a8d2d44c,other_wifi7_related,not_uploaded_or_manifest_only,,Related Wi-Fi 7 file; not part of formal adjusted 96/32 evidence upload.,false,relative_path_only_no_local_absolute_path
results/wifi7_mlo_channel_sensitivity_results.csv,wifi7_mlo_channel_sensitivity_results.csv,.csv,4145,efce40cffec385f67a291160181c24af7ee35bad485f8287f93407d2f367aba6,other_wifi7_related,not_uploaded_or_manifest_only,,Related Wi-Fi 7 file; not part of formal adjusted 96/32 evidence upload.,false,relative_path_only_no_local_absolute_path
results/wifi7_mlo_s1_160_160_seed1_pilot_log.txt,wifi7_mlo_s1_160_160_seed1_pilot_log.txt,.txt,3329,373d02f70787a2b31435ce6d5cec7c7211159bac544a1789887dd7950f69b498,pilot_test_or_environment_check,not_uploaded_or_manifest_only,,Pilot/test/environment files are identified but excluded from formal results.,false,relative_path_only_no_local_absolute_path
results/wifi7_mlo_s1_160_160_seed1_pilot_raw.csv,wifi7_mlo_s1_160_160_seed1_pilot_raw.csv,.csv,837,9324c80d279e3e3f392358b51d4b351c08bad3464a1243b2ead81a2f56a3335e,pilot_test_or_environment_check,not_uploaded_or_manifest_only,,Pilot/test/environment files are identified but excluded from formal results.,false,relative_path_only_no_local_absolute_path
results/wifi7_mlo_s1_160_160_seed1_pilot_report_cn.md,wifi7_mlo_s1_160_160_seed1_pilot_report_cn.md,.md,2581,da54722d313ef61671570fd8d75bc6e42fe9e904e12585f1f7cdb93fb7ca4d15,pilot_test_or_environment_check,not_uploaded_or_manifest_only,,Pilot/test/environment files are identified but excluded from formal results.,false,relative_path_only_no_local_absolute_path
results/wifi7_mlo_s1_s3_calibrated_channel_pilot_comparison.csv,wifi7_mlo_s1_s3_calibrated_channel_pilot_comparison.csv,.csv,754,157e29bae7c883c807baa55c7d8df197826baa7a05cffc4536b81bf7c3239f20,pilot_test_or_environment_check,not_uploaded_or_manifest_only,,Pilot/test/environment files are identified but excluded from formal results.,false,relative_path_only_no_local_absolute_path
results/wifi7_mlo_s1_s3_calibrated_channel_pilot_log.txt,wifi7_mlo_s1_s3_calibrated_channel_pilot_log.txt,.txt,2121,5caf5367ac5c94673c888fe18ff3bb77cd52f8c94a3d65b3f1e9103ac9062369,pilot_test_or_environment_check,not_uploaded_or_manifest_only,,Pilot/test/environment files are identified but excluded from formal results.,false,relative_path_only_no_local_absolute_path
results/wifi7_mlo_s1_s3_calibrated_channel_pilot_raw.csv,wifi7_mlo_s1_s3_calibrated_channel_pilot_raw.csv,.csv,1660,f5b504aac882346360dcee4ec7da4ae37355cd9d8219abf39209295bec671cfa,pilot_test_or_environment_check,not_uploaded_or_manifest_only,,Pilot/test/environment files are identified but excluded from formal results.,false,relative_path_only_no_local_absolute_path
results/wifi7_mlo_s1_s3_calibrated_channel_pilot_report_cn.md,wifi7_mlo_s1_s3_calibrated_channel_pilot_report_cn.md,.md,3414,2dfa15601707a8f76091e260c0b7dec08d8eda7e34223aeb8761036c10aaafbf,pilot_test_or_environment_check,not_uploaded_or_manifest_only,,Pilot/test/environment files are identified but excluded from formal results.,false,relative_path_only_no_local_absolute_path
results/wifi7_mlo_s1_s3_pilot_comparison.csv,wifi7_mlo_s1_s3_pilot_comparison.csv,.csv,718,63c26b6a315a5e5155a46d8e78c72c029f9c99c48a3feeb8f3eab3e23bc5666c,pilot_test_or_environment_check,not_uploaded_or_manifest_only,,Pilot/test/environment files are identified but excluded from formal results.,false,relative_path_only_no_local_absolute_path
results/wifi7_mlo_s1_s3_pilot_comparison_report_cn.md,wifi7_mlo_s1_s3_pilot_comparison_report_cn.md,.md,4478,1c70957c40bbedd81936250962ba5f8398cc159a2d3efaf5aef4c6b9523702c7,pilot_test_or_environment_check,not_uploaded_or_manifest_only,,Pilot/test/environment files are identified but excluded from formal results.,false,relative_path_only_no_local_absolute_path
results/wifi7_mlo_s1_s3_pilot_diagnosis_log.txt,wifi7_mlo_s1_s3_pilot_diagnosis_log.txt,.txt,1034,f38e69181d16113c5918e17c40625ab7be005978888dcbe31b9182d9ea1eef65,pilot_test_or_environment_check,not_uploaded_or_manifest_only,,Pilot/test/environment files are identified but excluded from formal results.,false,relative_path_only_no_local_absolute_path
results/wifi7_mlo_s1_s3_seed_stability_pilot_comparison.csv,wifi7_mlo_s1_s3_seed_stability_pilot_comparison.csv,.csv,1168,941fe554ed408feca792ea54b23738aa9f0a62339527ec6338790a505a8eead2,pilot_test_or_environment_check,not_uploaded_or_manifest_only,,Pilot/test/environment files are identified but excluded from formal results.,false,relative_path_only_no_local_absolute_path
results/wifi7_mlo_s1_s3_seed_stability_pilot_log.txt,wifi7_mlo_s1_s3_seed_stability_pilot_log.txt,.txt,4622,31ce64c85dfa9451b945d7c236ad4494dd44481fd007e58cd77addfdea33d6b2,pilot_test_or_environment_check,not_uploaded_or_manifest_only,,Pilot/test/environment files are identified but excluded from formal results.,false,relative_path_only_no_local_absolute_path
results/wifi7_mlo_s1_s3_seed_stability_pilot_raw.csv,wifi7_mlo_s1_s3_seed_stability_pilot_raw.csv,.csv,3125,56f9d7698650e63b7fd585b7ddd1ea07bee6e7af4578803c8352e65e5eba8dcb,pilot_test_or_environment_check,not_uploaded_or_manifest_only,,Pilot/test/environment files are identified but excluded from formal results.,false,relative_path_only_no_local_absolute_path
results/wifi7_mlo_s1_s3_seed_stability_pilot_report_cn.md,wifi7_mlo_s1_s3_seed_stability_pilot_report_cn.md,.md,4687,77c3c64722a0e50425c78d03c0a6ad5697a717acbb93ee4adc6c581e7540f33a,pilot_test_or_environment_check,not_uploaded_or_manifest_only,,Pilot/test/environment files are identified but excluded from formal results.,false,relative_path_only_no_local_absolute_path
results/wifi7_mlo_s1_s3_seed_stability_pilot_summary.csv,wifi7_mlo_s1_s3_seed_stability_pilot_summary.csv,.csv,833,857e22f8399df50d6184d60f9026d8e0ddc3d785e45e2a35906d0d7f6e253972,pilot_test_or_environment_check,not_uploaded_or_manifest_only,,Pilot/test/environment files are identified but excluded from formal results.,false,relative_path_only_no_local_absolute_path
results/wifi7_mlo_s2_candidate_ranking_audit.csv,wifi7_mlo_s2_candidate_ranking_audit.csv,.csv,6653,52323371df5dfaff5a4b04947937a8a285101528d58879e63c9d6564694a4745,audit_postprocess_or_plot,not_uploaded_or_manifest_only,,Plots/post-processing artifacts are not necessary for numeric verification.,false,relative_path_only_no_local_absolute_path
results/wifi7_mlo_s2_candidate_ranking_audit_log.txt,wifi7_mlo_s2_candidate_ranking_audit_log.txt,.txt,1543,faf7c82e25cf7e5b79e49aa0a4e58cd6ff1076a47037a9bb320740b4c3af086c,audit_postprocess_or_plot,not_uploaded_or_manifest_only,,Plots/post-processing artifacts are not necessary for numeric verification.,false,relative_path_only_no_local_absolute_path
results/wifi7_mlo_s2_candidate_ranking_audit_report_cn.md,wifi7_mlo_s2_candidate_ranking_audit_report_cn.md,.md,8682,73e06c57614dc64f78580e0c4fd5966ae0ab9324b903a609d9177a3e9b5b20a0,audit_postprocess_or_plot,not_uploaded_or_manifest_only,,Plots/post-processing artifacts are not necessary for numeric verification.,false,relative_path_only_no_local_absolute_path
results/wifi7_mlo_s2_candidate_rule_update_proposal.csv,wifi7_mlo_s2_candidate_rule_update_proposal.csv,.csv,827,15a6c9c177901d70cd330c89a9ca1211b31c19606ae4bd5ce8edf6c81db57b75,other_wifi7_related,not_uploaded_or_manifest_only,,Related Wi-Fi 7 file; not part of formal adjusted 96/32 evidence upload.,false,relative_path_only_no_local_absolute_path
results/wifi7_mlo_s2_focused_penalty_sweep_pilot_log.txt,wifi7_mlo_s2_focused_penalty_sweep_pilot_log.txt,.txt,8112,61c4fb0c0062f33270f314d65b994e1397da70513a1d69fd6c0b0aaaabf119a0,pilot_test_or_environment_check,not_uploaded_or_manifest_only,,Pilot/test/environment files are identified but excluded from formal results.,false,relative_path_only_no_local_absolute_path
results/wifi7_mlo_s2_focused_penalty_sweep_pilot_raw.csv,wifi7_mlo_s2_focused_penalty_sweep_pilot_raw.csv,.csv,5517,320d0b4aed738374db9c6adf8f34344b602e0a5fff20e96e1074936ec2419cae,pilot_test_or_environment_check,not_uploaded_or_manifest_only,,Pilot/test/environment files are identified but excluded from formal results.,false,relative_path_only_no_local_absolute_path
results/wifi7_mlo_s2_focused_penalty_sweep_pilot_report_cn.md,wifi7_mlo_s2_focused_penalty_sweep_pilot_report_cn.md,.md,7115,aaa9c33fc33f95c6a9699832972d195fbb45ea303c278f41872682dd350ee012,pilot_test_or_environment_check,not_uploaded_or_manifest_only,,Pilot/test/environment files are identified but excluded from formal results.,false,relative_path_only_no_local_absolute_path
results/wifi7_mlo_s2_focused_penalty_sweep_pilot_summary.csv,wifi7_mlo_s2_focused_penalty_sweep_pilot_summary.csv,.csv,1920,61089edeeaf555e5a692dac26d0841681bd0fb8b9e749c6a01265f464f776857,pilot_test_or_environment_check,not_uploaded_or_manifest_only,,Pilot/test/environment files are identified but excluded from formal results.,false,relative_path_only_no_local_absolute_path
results/wifi7_mlo_s2_intermittent_obstruction_pilot_log.txt,wifi7_mlo_s2_intermittent_obstruction_pilot_log.txt,.txt,11119,bc297eb6b386781ad5c205302913dab6066a992ca65c976c2b251f3a92bfc009,pilot_test_or_environment_check,not_uploaded_or_manifest_only,,Pilot/test/environment files are identified but excluded from formal results.,false,relative_path_only_no_local_absolute_path
results/wifi7_mlo_s2_intermittent_obstruction_pilot_raw.csv,wifi7_mlo_s2_intermittent_obstruction_pilot_raw.csv,.csv,8042,e10dba8472be0b682abf193d4016d273cd651d707edd84837773d2e955713fb5,pilot_test_or_environment_check,not_uploaded_or_manifest_only,,Pilot/test/environment files are identified but excluded from formal results.,false,relative_path_only_no_local_absolute_path
results/wifi7_mlo_s2_intermittent_obstruction_pilot_report_cn.md,wifi7_mlo_s2_intermittent_obstruction_pilot_report_cn.md,.md,10273,1b7adedcb596539baedf6c55820dbfa7c9b42f1f7f1cec07c377ef2c88f20025,pilot_test_or_environment_check,not_uploaded_or_manifest_only,,Pilot/test/environment files are identified but excluded from formal results.,false,relative_path_only_no_local_absolute_path
results/wifi7_mlo_s2_intermittent_obstruction_pilot_summary.csv,wifi7_mlo_s2_intermittent_obstruction_pilot_summary.csv,.csv,3359,8a251bd3ff07e6d31095ba57bffa324e0e697e3cc5783b4d6a7737da347dc60d,pilot_test_or_environment_check,not_uploaded_or_manifest_only,,Pilot/test/environment files are identified but excluded from formal results.,false,relative_path_only_no_local_absolute_path
results/wifi7_mlo_s2_intermittent_penalty_table_update.csv,wifi7_mlo_s2_intermittent_penalty_table_update.csv,.csv,1043,330b0222e13e63e1d7dc322a16da81b4ec28b0987761e3ec2fc0d6a4eee41cee,other_wifi7_related,not_uploaded_or_manifest_only,,Related Wi-Fi 7 file; not part of formal adjusted 96/32 evidence upload.,false,relative_path_only_no_local_absolute_path
results/wifi7_mlo_s2_penalty_table_update.csv,wifi7_mlo_s2_penalty_table_update.csv,.csv,785,6809b72f339a6cb1af9d481aaacfd5fc5fcef1cbe83ab53fd344c731396b1ec0,other_wifi7_related,not_uploaded_or_manifest_only,,Related Wi-Fi 7 file; not part of formal adjusted 96/32 evidence upload.,false,relative_path_only_no_local_absolute_path
results/wifi7_mlo_s2_penalty_wiring_audit_code_review.txt,wifi7_mlo_s2_penalty_wiring_audit_code_review.txt,.txt,2499,c3f8f34d58bb1af837b52c4f9984352162d2884b140eda7663d4d8212bf0482f,audit_postprocess_or_plot,not_uploaded_or_manifest_only,,Plots/post-processing artifacts are not necessary for numeric verification.,false,relative_path_only_no_local_absolute_path
results/wifi7_mlo_s2_penalty_wiring_audit_log.txt,wifi7_mlo_s2_penalty_wiring_audit_log.txt,.txt,7364,f283992e06a619c959d07c5e93c90e640241356decdc4f5aae341afa00a212ea,audit_postprocess_or_plot,not_uploaded_or_manifest_only,,Plots/post-processing artifacts are not necessary for numeric verification.,false,relative_path_only_no_local_absolute_path
results/wifi7_mlo_s2_penalty_wiring_audit_raw.csv,wifi7_mlo_s2_penalty_wiring_audit_raw.csv,.csv,4907,6fa58088ae1e73807cd069c1b965149bbd09a86276e42b440bdde6f363f6fb2e,audit_postprocess_or_plot,not_uploaded_or_manifest_only,,Plots/post-processing artifacts are not necessary for numeric verification.,false,relative_path_only_no_local_absolute_path
results/wifi7_mlo_s2_penalty_wiring_audit_report_cn.md,wifi7_mlo_s2_penalty_wiring_audit_report_cn.md,.md,7458,608ca381c12fba4ceca5ae4ee877a5450adb3295f03061dc7921c25f32de6b34,audit_postprocess_or_plot,not_uploaded_or_manifest_only,,Plots/post-processing artifacts are not necessary for numeric verification.,false,relative_path_only_no_local_absolute_path
results/wifi7_mlo_s2_position_threshold_penalty_table_update.csv,wifi7_mlo_s2_position_threshold_penalty_table_update.csv,.csv,809,8690ac1b700a55352b41f22a9286f05f5e8e387d0a4ea74a82ca3640b0f03d48,other_wifi7_related,not_uploaded_or_manifest_only,,Related Wi-Fi 7 file; not part of formal adjusted 96/32 evidence upload.,false,relative_path_only_no_local_absolute_path
results/wifi7_mlo_s2_position_threshold_sweep_pilot_log.txt,wifi7_mlo_s2_position_threshold_sweep_pilot_log.txt,.txt,10949,e5643ffecba6b0741a43180a6e08ab15df69e5602698e411dc3c7784e12d9edf,pilot_test_or_environment_check,not_uploaded_or_manifest_only,,Pilot/test/environment files are identified but excluded from formal results.,false,relative_path_only_no_local_absolute_path
results/wifi7_mlo_s2_position_threshold_sweep_pilot_raw.csv,wifi7_mlo_s2_position_threshold_sweep_pilot_raw.csv,.csv,7505,d302e20c5f5b11771028c56f5c71959be28a2cfa14a76fa7dcd93ce9d697b310,pilot_test_or_environment_check,not_uploaded_or_manifest_only,,Pilot/test/environment files are identified but excluded from formal results.,false,relative_path_only_no_local_absolute_path
results/wifi7_mlo_s2_position_threshold_sweep_pilot_report_cn.md,wifi7_mlo_s2_position_threshold_sweep_pilot_report_cn.md,.md,8986,1c13b51064694ecc77cb1805d56707155b08f3f0ad1899e502858e9c872dd72c,pilot_test_or_environment_check,not_uploaded_or_manifest_only,,Pilot/test/environment files are identified but excluded from formal results.,false,relative_path_only_no_local_absolute_path
results/wifi7_mlo_s2_position_threshold_sweep_pilot_summary.csv,wifi7_mlo_s2_position_threshold_sweep_pilot_summary.csv,.csv,2881,d4ff12832b261d2ec48705abfeff387581fade738a8cef37f4126a19541e0852,pilot_test_or_environment_check,not_uploaded_or_manifest_only,,Pilot/test/environment files are identified but excluded from formal results.,false,relative_path_only_no_local_absolute_path
results/wifi7_mlo_s2_recommendation_rule_diagnosis.csv,wifi7_mlo_s2_recommendation_rule_diagnosis.csv,.csv,1330,7a023cb9f33635692f6904c607ac7dabf0c0b512fd411db9e41fa1f25e36e372,other_wifi7_related,not_uploaded_or_manifest_only,,Related Wi-Fi 7 file; not part of formal adjusted 96/32 evidence upload.,false,relative_path_only_no_local_absolute_path
results/wifi7_mlo_s2_s4_penalty_calibration_pilot_log.txt,wifi7_mlo_s2_s4_penalty_calibration_pilot_log.txt,.txt,8094,177cb646960e0a3df9c097b7bcf9f9d7a6966460dfae9d3898d52345df2e0eb2,pilot_test_or_environment_check,not_uploaded_or_manifest_only,,Pilot/test/environment files are identified but excluded from formal results.,false,relative_path_only_no_local_absolute_path
results/wifi7_mlo_s2_s4_penalty_calibration_pilot_raw.csv,wifi7_mlo_s2_s4_penalty_calibration_pilot_raw.csv,.csv,5497,74d5a6ccd4f9b47e9d595e338c12d20be2a2a25552cdd6f19e996cc8f0cb67fd,pilot_test_or_environment_check,not_uploaded_or_manifest_only,,Pilot/test/environment files are identified but excluded from formal results.,false,relative_path_only_no_local_absolute_path
results/wifi7_mlo_s2_s4_penalty_calibration_pilot_report_cn.md,wifi7_mlo_s2_s4_penalty_calibration_pilot_report_cn.md,.md,6102,66d8793d171a321de3cdd74fb98710f5a627644edcb2b09c71374ed80cf9d200,pilot_test_or_environment_check,not_uploaded_or_manifest_only,,Pilot/test/environment files are identified but excluded from formal results.,false,relative_path_only_no_local_absolute_path
results/wifi7_mlo_s2_s4_penalty_calibration_pilot_summary.csv,wifi7_mlo_s2_s4_penalty_calibration_pilot_summary.csv,.csv,2124,2e55631b13cf03b05ae57c631f4949c897e82887211cf208a7c6ebd8d3ce244d,pilot_test_or_environment_check,not_uploaded_or_manifest_only,,Pilot/test/environment files are identified but excluded from formal results.,false,relative_path_only_no_local_absolute_path
results/wifi7_mlo_s2_s4_penalty_table_draft.csv,wifi7_mlo_s2_s4_penalty_table_draft.csv,.csv,799,95748fb72321d4b3bfda36585827d949826629ad70913a2c0b4256bfea238520,other_wifi7_related,not_uploaded_or_manifest_only,,Related Wi-Fi 7 file; not part of formal adjusted 96/32 evidence upload.,false,relative_path_only_no_local_absolute_path
results/wifi7_mlo_s3_160_160_seed1_pilot_log.txt,wifi7_mlo_s3_160_160_seed1_pilot_log.txt,.txt,1986,87987498d34300e6036ed393c65f797524c6f482b286606d6bb53a5e2b413de7,pilot_test_or_environment_check,not_uploaded_or_manifest_only,,Pilot/test/environment files are identified but excluded from formal results.,false,relative_path_only_no_local_absolute_path
results/wifi7_mlo_s3_160_160_seed1_pilot_raw.csv,wifi7_mlo_s3_160_160_seed1_pilot_raw.csv,.csv,1078,95266dc21448795a78a17f0ee2e0844fbeb38d8032d8e59597d20956332895a1,pilot_test_or_environment_check,not_uploaded_or_manifest_only,,Pilot/test/environment files are identified but excluded from formal results.,false,relative_path_only_no_local_absolute_path
results/wifi7_mlo_s3_160_160_seed1_pilot_report_cn.md,wifi7_mlo_s3_160_160_seed1_pilot_report_cn.md,.md,2824,644fe610dd23c516cbfb3ffc713483d83447043a411b0f12c4a7621865f578df,pilot_test_or_environment_check,not_uploaded_or_manifest_only,,Pilot/test/environment files are identified but excluded from formal results.,false,relative_path_only_no_local_absolute_path
results/wifi7_mlo_s3_160_160_seed1_pilot_stats.mat,wifi7_mlo_s3_160_160_seed1_pilot_stats.mat,.mat,1577,6493c151269b3c46d2a97fd27bfb6fdfb6a2f16a52f2d650a1f054da9d3f1a63,mat_binary_pilot_or_supporting,not_uploaded,,"MAT file is pilot/supporting binary evidence, not required for formal 96/32 CSV verification and not uploaded by default.",false,relative_path_only_no_local_absolute_path
results/wifi7_mlo_s3_160_160_seed1_pilot_stats_fields.txt,wifi7_mlo_s3_160_160_seed1_pilot_stats_fields.txt,.txt,4397,1a760d376b86a1ba6d0bde0642c654774277c828da8417a9978fc50cffcbaac8,pilot_test_or_environment_check,not_uploaded_or_manifest_only,,Pilot/test/environment files are identified but excluded from formal results.,false,relative_path_only_no_local_absolute_path
results/wifi7_mlo_s3_micro_penalty_sweep_audit_log.txt,wifi7_mlo_s3_micro_penalty_sweep_audit_log.txt,.txt,7957,b629d95044d1e69a73905f4e2af8b3d2c2ecaabba46ccc06d9ab2dd130a8d957,audit_postprocess_or_plot,not_uploaded_or_manifest_only,,Plots/post-processing artifacts are not necessary for numeric verification.,false,relative_path_only_no_local_absolute_path
results/wifi7_mlo_s3_micro_penalty_sweep_audit_raw.csv,wifi7_mlo_s3_micro_penalty_sweep_audit_raw.csv,.csv,5293,60c499e324475521e34758b72305950e93e1d6594b552d19a933b3f182e60110,audit_postprocess_or_plot,not_uploaded_or_manifest_only,,Plots/post-processing artifacts are not necessary for numeric verification.,false,relative_path_only_no_local_absolute_path
results/wifi7_mlo_s3_micro_penalty_sweep_audit_report_cn.md,wifi7_mlo_s3_micro_penalty_sweep_audit_report_cn.md,.md,8526,0d7738d81a5799138f51b6ae5808dc19215f7916ffe0cfb532e0546aa87fd57d,audit_postprocess_or_plot,not_uploaded_or_manifest_only,,Plots/post-processing artifacts are not necessary for numeric verification.,false,relative_path_only_no_local_absolute_path
results/wifi7_mlo_s3_micro_penalty_sweep_audit_summary.csv,wifi7_mlo_s3_micro_penalty_sweep_audit_summary.csv,.csv,2237,8154408cd9e153c6b51a27ccb70745746b87b35f667434a762ac033aa3d47011,audit_postprocess_or_plot,not_uploaded_or_manifest_only,,Plots/post-processing artifacts are not necessary for numeric verification.,false,relative_path_only_no_local_absolute_path
results/wifi7_mlo_s3_penalty_sweep_pilot_log.txt,wifi7_mlo_s3_penalty_sweep_pilot_log.txt,.txt,4600,ffcd313b90244f729b57d639249d83f2fc053effc1d544a199270df261ce1379,pilot_test_or_environment_check,not_uploaded_or_manifest_only,,Pilot/test/environment files are identified but excluded from formal results.,false,relative_path_only_no_local_absolute_path
results/wifi7_mlo_s3_penalty_sweep_pilot_raw.csv,wifi7_mlo_s3_penalty_sweep_pilot_raw.csv,.csv,2857,32eea05dd40acb86de2d91681491cc48fd430acf19cbbf1d430460a589f0c5af,pilot_test_or_environment_check,not_uploaded_or_manifest_only,,Pilot/test/environment files are identified but excluded from formal results.,false,relative_path_only_no_local_absolute_path
results/wifi7_mlo_s3_penalty_sweep_pilot_report_cn.md,wifi7_mlo_s3_penalty_sweep_pilot_report_cn.md,.md,3936,2cdb17541aba2d6dd76aca2fef727b6eef05eb7ceb4baba5ebea3fe76567f866,pilot_test_or_environment_check,not_uploaded_or_manifest_only,,Pilot/test/environment files are identified but excluded from formal results.,false,relative_path_only_no_local_absolute_path
results/wifi7_mlo_s3_penalty_sweep_pilot_summary.csv,wifi7_mlo_s3_penalty_sweep_pilot_summary.csv,.csv,1115,6e6b0572d1f19e40dfc38fbaba77c8327451f4c3afeda0592bfd139213017cb8,pilot_test_or_environment_check,not_uploaded_or_manifest_only,,Pilot/test/environment files are identified but excluded from formal results.,false,relative_path_only_no_local_absolute_path
results/wifi7_mlo_scenario_rule_table_stability_update.csv,wifi7_mlo_scenario_rule_table_stability_update.csv,.csv,1115,929e0879daa6686a2816f54ee30f74e758aeea202631b30a11477ec12bbb4caf,other_wifi7_related,not_uploaded_or_manifest_only,,Related Wi-Fi 7 file; not part of formal adjusted 96/32 evidence upload.,false,relative_path_only_no_local_absolute_path
results/wifi7_mlo_scenario_stability_4scenes_pilot_comparison.csv,wifi7_mlo_scenario_stability_4scenes_pilot_comparison.csv,.csv,1099,d094951f65131c2206fb63a79ec5ccc2eb4d202dcd88aa9dfc3468075984b316,pilot_test_or_environment_check,not_uploaded_or_manifest_only,,Pilot/test/environment files are identified but excluded from formal results.,false,relative_path_only_no_local_absolute_path
results/wifi7_mlo_scenario_stability_4scenes_pilot_log.txt,wifi7_mlo_scenario_stability_4scenes_pilot_log.txt,.txt,9523,fb3919303ee41f7cb15e9eb1b8453c3cd28064a98b5070417d291527a860485e,pilot_test_or_environment_check,not_uploaded_or_manifest_only,,Pilot/test/environment files are identified but excluded from formal results.,false,relative_path_only_no_local_absolute_path
results/wifi7_mlo_scenario_stability_4scenes_pilot_raw.csv,wifi7_mlo_scenario_stability_4scenes_pilot_raw.csv,.csv,6313,6c43a437c3a9371eb380c6b101d918e0ccace517b23aa4c1e73a0531c36a1e37,pilot_test_or_environment_check,not_uploaded_or_manifest_only,,Pilot/test/environment files are identified but excluded from formal results.,false,relative_path_only_no_local_absolute_path
results/wifi7_mlo_scenario_stability_4scenes_pilot_report_cn.md,wifi7_mlo_scenario_stability_4scenes_pilot_report_cn.md,.md,6359,509631111c5fc844d95f6b0c9c8ae46d9915a79076249315b59ba9474746fde2,pilot_test_or_environment_check,not_uploaded_or_manifest_only,,Pilot/test/environment files are identified but excluded from formal results.,false,relative_path_only_no_local_absolute_path
results/wifi7_mlo_scenario_stability_4scenes_pilot_summary.csv,wifi7_mlo_scenario_stability_4scenes_pilot_summary.csv,.csv,1806,221b826f6560de47fa23e1b75358dbb3b492411c9473a5e25726afea50eb1e0b,pilot_test_or_environment_check,not_uploaded_or_manifest_only,,Pilot/test/environment files are identified but excluded from formal results.,false,relative_path_only_no_local_absolute_path
results/wifi7_mlo_systemlevel_next_steps.md,wifi7_mlo_systemlevel_next_steps.md,.md,1324,759d01a8f83f99bcd142d201e31a8466a885dd0e6694f9595aee2b225669a64e,other_wifi7_related,not_uploaded_or_manifest_only,,Related Wi-Fi 7 file; not part of formal adjusted 96/32 evidence upload.,false,relative_path_only_no_local_absolute_path
results/wifi7_mlo_systemlevel_prereq_report.csv,wifi7_mlo_systemlevel_prereq_report.csv,.csv,13334,618ae90386eb29626558aafdd0234578c11730244de8cd5d7dc1df99dadffbda,pilot_test_or_environment_check,not_uploaded_or_manifest_only,,Pilot/test/environment files are identified but excluded from formal results.,false,relative_path_only_no_local_absolute_path
results/wifi7_mlo_systemlevel_prereq_report_cn.txt,wifi7_mlo_systemlevel_prereq_report_cn.txt,.txt,13833,148abbb4f76b6c2eaba388ba0edea2bc3212c76597dd65c56c62e5690c33bc68,pilot_test_or_environment_check,not_uploaded_or_manifest_only,,Pilot/test/environment files are identified but excluded from formal results.,false,relative_path_only_no_local_absolute_path
results/wifi7_sl_6g_320_creation_fix_pilot_channel_map.csv,wifi7_sl_6g_320_creation_fix_pilot_channel_map.csv,.csv,8141,e3f5992bf61236c37f4481ac5d9308f58a7f54443399afe766fc6dd2157a9873,diagnostic_unsupported_or_unstable,referenced_in_results/wifi7_diagnostics,,Unsupported diagnostic note is documented but not mixed into formal 32 rows.,false,relative_path_only_no_local_absolute_path
results/wifi7_sl_6g_320_creation_fix_pilot_log.txt,wifi7_sl_6g_320_creation_fix_pilot_log.txt,.txt,2171,c2c2bdb2db36f5af93f0032daf213439ebdb6955aa4b25c93d8e4528151da45b,diagnostic_unsupported_or_unstable,referenced_in_results/wifi7_diagnostics,,Unsupported diagnostic note is documented but not mixed into formal 32 rows.,false,relative_path_only_no_local_absolute_path
results/wifi7_sl_6g_320_creation_fix_pilot_raw.csv,wifi7_sl_6g_320_creation_fix_pilot_raw.csv,.csv,1808,ff66eb6e0df2faa28453c57f0a5f090f7e0262c3fe08cd130a22e5b883a92eb6,diagnostic_unsupported_or_unstable,referenced_in_results/wifi7_diagnostics,,Unsupported diagnostic note is documented but not mixed into formal 32 rows.,false,relative_path_only_no_local_absolute_path
results/wifi7_sl_6g_320_creation_fix_pilot_report_cn.md,wifi7_sl_6g_320_creation_fix_pilot_report_cn.md,.md,5037,95956cd3ae30a8c07be1ccaec63aab653ba5ffc65517a600ea9c4b9fd2fe04a0,diagnostic_unsupported_or_unstable,referenced_in_results/wifi7_diagnostics,,Unsupported diagnostic note is documented but not mixed into formal 32 rows.,false,relative_path_only_no_local_absolute_path
results/wifi7_sl_6g_320_s2_outage_diagnosis_pilot_decision.csv,wifi7_sl_6g_320_s2_outage_diagnosis_pilot_decision.csv,.csv,1241,123913b88bb5c42b5ca8ceef13af3e6de732578f4a51e307d80a55c3a0b4ba70,diagnostic_unsupported_or_unstable,referenced_in_results/wifi7_diagnostics,,Unsupported diagnostic note is documented but not mixed into formal 32 rows.,false,relative_path_only_no_local_absolute_path
results/wifi7_sl_6g_320_s2_outage_diagnosis_pilot_log.txt,wifi7_sl_6g_320_s2_outage_diagnosis_pilot_log.txt,.txt,5553,08b5b33bf481affaf2b2feee018fc7b7874e0216a00750dbc1b63130b25c0882,diagnostic_unsupported_or_unstable,referenced_in_results/wifi7_diagnostics,,Unsupported diagnostic note is documented but not mixed into formal 32 rows.,false,relative_path_only_no_local_absolute_path
results/wifi7_sl_6g_320_s2_outage_diagnosis_pilot_raw.csv,wifi7_sl_6g_320_s2_outage_diagnosis_pilot_raw.csv,.csv,3881,95cfcd3f5421deed02ac0164bffbfefc76212ffa4384eee00e98529526b6666c,diagnostic_unsupported_or_unstable,copied_to_results/wifi7_diagnostics/sl_6_320_unsupported_diagnostic_raw.csv,results/wifi7_diagnostics/sl_6_320_unsupported_diagnostic_raw.csv,Diagnostic raw data is separated from formal adjusted final results.,false,relative_path_only_no_local_absolute_path
results/wifi7_sl_6g_320_s2_outage_diagnosis_pilot_report_cn.md,wifi7_sl_6g_320_s2_outage_diagnosis_pilot_report_cn.md,.md,4708,a18dc4b81eb5c4dd728b8df1c666ab4db54e1200a9ec275ff766939d2b78285e,diagnostic_unsupported_or_unstable,referenced_in_results/wifi7_diagnostics,,Unsupported diagnostic note is documented but not mixed into formal 32 rows.,false,relative_path_only_no_local_absolute_path
results/wifi7_sl_6g_320_s2_outage_diagnosis_pilot_summary.csv,wifi7_sl_6g_320_s2_outage_diagnosis_pilot_summary.csv,.csv,1189,475337e4c67b64fc3b744ef5eed5c782ffa89c179b40e055b7cdb32963fe0d28,diagnostic_unsupported_or_unstable,copied_to_results/wifi7_diagnostics/sl_6_320_unsupported_diagnostic_summary.csv,results/wifi7_diagnostics/sl_6_320_unsupported_diagnostic_summary.csv,Diagnostic summary is separated from formal adjusted final results.,false,relative_path_only_no_local_absolute_path
results/wlan_wifi7_license_smoke_test_report.csv,wlan_wifi7_license_smoke_test_report.csv,.csv,11486,7929df038fa226c541d41426abcd874b9582a1295f1e7f840a69e599c4df06e6,pilot_test_or_environment_check,not_uploaded_or_manifest_only,,Pilot/test/environment files are identified but excluded from formal results.,false,relative_path_only_no_local_absolute_path
results/wlan_wifi7_license_smoke_test_report_cn.txt,wlan_wifi7_license_smoke_test_report_cn.txt,.txt,4849,6d3ee13c7626cee02702764aa75bdbc304a362987c58bb120f777e7d5ba5fc7a,pilot_test_or_environment_check,not_uploaded_or_manifest_only,,Pilot/test/environment files are identified but excluded from formal results.,false,relative_path_only_no_local_absolute_path
run_minimal_wifi7_mlo_systemlevel_smoke_test.m,run_minimal_wifi7_mlo_systemlevel_smoke_test.m,.m,20098,85b6a2395d2ace82659f4d4d7531086c15d7dd506278ef40ca81ca11e57afb34,pilot_test_or_environment_check,not_uploaded_or_manifest_only,,Pilot/test/environment files are identified but excluded from formal results.,false,relative_path_only_no_local_absolute_path
run_wifi7_mlo_9config_integrity_check_pilot.m,run_wifi7_mlo_9config_integrity_check_pilot.m,.m,57508,906e7cf83a145e7c422fcf34d3d4e65e36d7e016434ad7458ac07de8f0045a62,pilot_test_or_environment_check,not_uploaded_or_manifest_only,,Pilot/test/environment files are identified but excluded from formal results.,false,relative_path_only_no_local_absolute_path
run_wifi7_mlo_adjusted_8config_integrity_check_pilot.m,run_wifi7_mlo_adjusted_8config_integrity_check_pilot.m,.m,63118,15c0a114b73149659d066c934910711208db0b7a6ed4e9471a1855e293c4e05a,pilot_test_or_environment_check,not_uploaded_or_manifest_only,,Pilot/test/environment files are identified but excluded from formal results.,false,relative_path_only_no_local_absolute_path
run_wifi7_mlo_adjusted_final_experiment.m,run_wifi7_mlo_adjusted_final_experiment.m,.m,82462,03af8b15460c5619adaeca649ba2bbcc54f094d0e0e794381f68d40a2bb2a9a1,formal_adjusted_final_code_evidence,not_uploaded_directly,,MATLAB code evidence is cited in README/manifest; source code is not needed to verify the uploaded CSV values.,false,relative_path_only_no_local_absolute_path
run_wifi7_mlo_s1_160_160_seed1_pilot.m,run_wifi7_mlo_s1_160_160_seed1_pilot.m,.m,27685,3428ce488db22b54da1969712a42070339d3c3b786c60da091a3d07d49059822,pilot_test_or_environment_check,not_uploaded_or_manifest_only,,Pilot/test/environment files are identified but excluded from formal results.,false,relative_path_only_no_local_absolute_path
run_wifi7_mlo_s1_s3_calibrated_channel_pilot.m,run_wifi7_mlo_s1_s3_calibrated_channel_pilot.m,.m,34394,5df852a8317fabe0e35f2db86e2445d42e3af6c36982dc53a251e497f30b1f2d,pilot_test_or_environment_check,not_uploaded_or_manifest_only,,Pilot/test/environment files are identified but excluded from formal results.,false,relative_path_only_no_local_absolute_path
run_wifi7_mlo_s1_s3_seed_stability_pilot.m,run_wifi7_mlo_s1_s3_seed_stability_pilot.m,.m,41003,e403d91b634e83fbaccf22d2a2286d19e59dde28c4425192a8416862c2a62470,pilot_test_or_environment_check,not_uploaded_or_manifest_only,,Pilot/test/environment files are identified but excluded from formal results.,false,relative_path_only_no_local_absolute_path
run_wifi7_mlo_s2_focused_penalty_sweep_pilot.m,run_wifi7_mlo_s2_focused_penalty_sweep_pilot.m,.m,44435,ee4b2fc4c8e698ec91c641c7938312f12615d9d864f3144796ffd00a9a5aa336,pilot_test_or_environment_check,not_uploaded_or_manifest_only,,Pilot/test/environment files are identified but excluded from formal results.,false,relative_path_only_no_local_absolute_path
run_wifi7_mlo_s2_intermittent_obstruction_pilot.m,run_wifi7_mlo_s2_intermittent_obstruction_pilot.m,.m,54386,f24a621c322b36740a328fd3636b2fa3d0d31928b6d98056509d4c1b13dc1e78,pilot_test_or_environment_check,not_uploaded_or_manifest_only,,Pilot/test/environment files are identified but excluded from formal results.,false,relative_path_only_no_local_absolute_path
run_wifi7_mlo_s2_position_threshold_sweep_pilot.m,run_wifi7_mlo_s2_position_threshold_sweep_pilot.m,.m,47243,4ba43f432202aa32f06f94f9d006fcff209b4c03f70b1c489cc81b92ef2b508c,pilot_test_or_environment_check,not_uploaded_or_manifest_only,,Pilot/test/environment files are identified but excluded from formal results.,false,relative_path_only_no_local_absolute_path
run_wifi7_mlo_s2_s4_penalty_calibration_pilot.m,run_wifi7_mlo_s2_s4_penalty_calibration_pilot.m,.m,43165,89af7b6b1792152ecd8b9e27b8faf88348cd10ab5b1b982f48e9a4b60f2560e5,pilot_test_or_environment_check,not_uploaded_or_manifest_only,,Pilot/test/environment files are identified but excluded from formal results.,false,relative_path_only_no_local_absolute_path
run_wifi7_mlo_s3_160_160_seed1_pilot.m,run_wifi7_mlo_s3_160_160_seed1_pilot.m,.m,28788,42740b8d298d9805b20e75f3a39eec63d7148f89243ac91af294ddcfe45b9702,pilot_test_or_environment_check,not_uploaded_or_manifest_only,,Pilot/test/environment files are identified but excluded from formal results.,false,relative_path_only_no_local_absolute_path
run_wifi7_mlo_s3_micro_penalty_sweep_audit.m,run_wifi7_mlo_s3_micro_penalty_sweep_audit.m,.m,44821,d9d638d371d3aa1e3d3546ac6b5a8b9bcf00aa885c03bc805fff84155d32bf80,audit_postprocess_or_plot,not_uploaded_or_manifest_only,,Plots/post-processing artifacts are not necessary for numeric verification.,false,relative_path_only_no_local_absolute_path
run_wifi7_mlo_s3_penalty_sweep_pilot.m,run_wifi7_mlo_s3_penalty_sweep_pilot.m,.m,36355,6d61a7e05b5850ce6f9447a3b3ed410a34a0b8b664ef54612b19489869248a4d,pilot_test_or_environment_check,not_uploaded_or_manifest_only,,Pilot/test/environment files are identified but excluded from formal results.,false,relative_path_only_no_local_absolute_path
run_wifi7_mlo_scenario_stability_4scenes_pilot.m,run_wifi7_mlo_scenario_stability_4scenes_pilot.m,.m,53659,c1a0d0341c6819d7afea37a86331ca9c0eea1c8e37730f9182241d8f22692644,pilot_test_or_environment_check,not_uploaded_or_manifest_only,,Pilot/test/environment files are identified but excluded from formal results.,false,relative_path_only_no_local_absolute_path
